var_id,nn_grp,corr_grp,lm_corr
0,0,12,False
1,0,19,True
2,0,25,False
3,0,0,False
4,0,16,False
5,0,1,False
6,0,36,False
7,0,12,False
8,0,13,True
9,0,32,False
10,0,2,False
11,0,31,False
12,0,7,False
13,0,28,False
14,0,30,False
15,0,14,False
16,0,2,False
17,0,31,False
18,0,31,False
19,0,7,False
20,0,25,False
21,0,18,False
22,0,8,False
23,0,2,False
24,0,1,False
25,0,5,True
26,0,23,False
27,0,37,False
28,0,27,False
29,0,18,False
30,0,39,False
31,0,37,False
32,0,24,False
33,0,8,False
34,0,24,False
35,0,14,False
36,0,35,False
37,0,3,False
38,0,35,False
39,0,7,False
40,0,11,False
41,0,6,False
42,0,10,False
43,0,14,False
44,0,38,False
45,0,16,False
46,0,35,False
47,0,13,True
48,0,0,False
49,0,26,False
50,0,2,False
51,0,11,False
52,0,10,False
53,0,4,False
54,0,5,True
55,0,23,False
56,0,14,False
57,0,9,False
58,0,34,False
59,0,33,False
60,0,8,False
61,0,5,True
62,0,0,False
63,0,21,True
64,0,22,True
65,0,26,False
66,0,0,False
67,0,2,False
68,0,34,False
69,0,27,False
70,0,14,False
71,0,2,False
72,0,17,False
73,0,6,False
74,0,14,False
75,0,37,False
76,0,15,False
77,0,39,False
78,0,27,False
79,0,16,False
80,0,2,False
81,0,16,False
82,0,17,False
83,0,16,False
84,0,17,False
85,0,36,False
86,0,9,False
87,0,36,False
88,0,9,False
89,0,7,False
90,0,15,False
91,0,19,True
92,0,23,False
93,0,13,True
94,0,20,False
95,0,39,False
96,0,36,False
97,0,33,False
98,0,13,True
99,0,31,False
100,0,29,True
101,0,1,False
102,0,25,False
103,0,6,False
104,0,15,False
105,0,22,True
106,0,37,False
107,0,32,False
108,0,23,False
109,0,14,False
110,0,24,False
111,0,38,False
112,0,32,False
113,0,33,False
114,0,14,False
115,0,20,False
116,0,16,False
117,0,13,True
118,0,15,False
119,0,1,False
120,0,8,False
121,0,16,False
122,0,9,False
123,0,29,True
124,0,16,False
125,0,8,False
126,0,34,False
127,0,4,False
128,0,22,True
129,0,33,False
130,0,19,True
131,0,19,True
132,0,34,False
133,0,17,False
134,0,23,False
135,0,8,False
136,0,14,False
137,0,27,False
138,0,0,False
139,0,27,False
140,0,32,False
141,0,5,True
142,0,10,False
143,0,35,False
144,0,32,False
145,0,3,False
146,0,7,False
147,0,11,False
148,0,0,False
149,0,17,False
150,1,23,False
151,1,2,False
152,1,17,False
153,1,6,False
154,1,19,True
155,1,9,False
156,1,35,False
157,1,5,True
158,1,11,False
159,1,35,False
160,1,34,False
161,1,26,False
162,1,36,False
163,1,18,False
164,1,35,False
165,1,27,False
166,1,6,False
167,1,18,False
168,1,14,False
169,1,27,False
170,1,26,False
171,1,18,False
172,1,22,True
173,1,11,False
174,1,16,False
175,1,29,True
176,1,12,False
177,1,7,False
178,1,36,False
179,1,0,False
180,1,37,False
181,1,17,False
182,1,28,False
183,1,10,False
184,1,5,True
185,1,18,False
186,1,36,False
187,1,38,False
188,1,11,False
189,1,25,False
190,1,36,False
191,1,32,False
192,1,30,False
193,1,12,False
194,1,37,False
195,1,26,False
196,1,31,False
197,1,37,False
198,1,4,False
199,1,10,False
200,1,3,False
201,1,3,False
202,1,1,False
203,1,23,False
204,1,25,False
205,1,37,False
206,1,29,True
207,1,9,False
208,1,6,False
209,1,39,False
210,1,27,False
211,1,30,False
212,1,29,True
213,1,2,False
214,1,33,False
215,1,8,False
216,1,26,False
217,1,19,True
218,1,10,False
219,1,1,False
220,1,37,False
221,1,13,True
222,1,4,False
223,1,21,True
224,1,19,True
225,1,37,False
226,1,9,False
227,1,32,False
228,1,30,False
229,1,7,False
230,1,33,False
231,1,24,False
232,1,22,True
233,1,2,False
234,1,12,False
235,1,1,False
236,1,30,False
237,1,31,False
238,1,21,True
239,1,19,True
240,1,3,False
241,1,29,True
242,1,20,False
243,1,38,False
244,1,13,True
245,1,30,False
246,1,21,True
247,1,6,False
248,1,33,False
249,1,26,False
250,1,26,False
251,1,33,False
252,1,10,False
253,1,27,False
254,1,24,False
255,1,37,False
256,1,2,False
257,1,25,False
258,1,8,False
259,1,34,False
260,1,32,False
261,1,3,False
262,1,14,False
263,1,22,True
264,1,10,False
265,1,37,False
266,1,36,False
267,1,4,False
268,1,6,False
269,1,9,False
270,1,20,False
271,1,20,False
272,1,2,False
273,1,8,False
274,1,38,False
275,1,35,False
276,1,20,False
277,1,12,False
278,1,38,False
279,1,15,False
280,1,31,False
281,1,38,False
282,1,16,False
283,1,19,True
284,1,17,False
285,1,23,False
286,1,4,False
287,1,2,False
288,1,6,False
289,1,28,False
290,1,32,False
291,1,16,False
292,1,32,False
293,1,37,False
294,1,8,False
295,1,3,False
296,1,19,True
297,1,16,False
298,1,26,False
299,1,5,True
300,2,34,False
301,2,27,False
302,2,6,False
303,2,23,False
304,2,26,False
305,2,30,False
306,2,22,True
307,2,35,False
308,2,3,False
309,2,24,False
310,2,22,True
311,2,7,False
312,2,4,False
313,2,25,False
314,2,32,False
315,2,17,False
316,2,28,False
317,2,28,False
318,2,5,True
319,2,39,False
320,2,35,False
321,2,3,False
322,2,26,False
323,2,34,False
324,2,6,False
325,2,27,False
326,2,29,True
327,2,14,False
328,2,18,False
329,2,30,False
330,2,35,False
331,2,10,False
332,2,4,False
333,2,15,False
334,2,19,True
335,2,7,False
336,2,7,False
337,2,11,False
338,2,20,False
339,2,26,False
340,2,17,False
341,2,12,False
342,2,1,False
343,2,31,False
344,2,32,False
345,2,16,False
346,2,18,False
347,2,19,True
348,2,31,False
349,2,13,True
350,2,1,False
351,2,14,False
352,2,17,False
353,2,10,False
354,2,21,True
355,2,22,True
356,2,5,True
357,2,8,False
358,2,14,False
359,2,22,True
360,2,25,False
361,2,37,False
362,2,14,False
363,2,9,False
364,2,1,False
365,2,16,False
366,2,7,False
367,2,38,False
368,2,5,True
369,2,20,False
370,2,29,True
371,2,13,True
372,2,22,True
373,2,18,False
374,2,36,False
375,2,22,True
376,2,23,False
377,2,25,False
378,2,39,False
379,2,34,False
380,2,17,False
381,2,30,False
382,2,25,False
383,2,20,False
384,2,7,False
385,2,39,False
386,2,18,False
387,2,23,False
388,2,35,False
389,2,29,True
390,2,6,False
391,2,11,False
392,2,29,True
393,2,4,False
394,2,1,False
395,2,33,False
396,2,28,False
397,2,37,False
398,2,15,False
399,2,24,False
400,2,7,False
401,2,28,False
402,2,32,False
403,2,19,True
404,2,18,False
405,2,26,False
406,2,30,False
407,2,36,False
408,2,15,False
409,2,5,True
410,2,30,False
411,2,4,False
412,2,17,False
413,2,30,False
414,2,33,False
415,2,10,False
416,2,35,False
417,2,32,False
418,2,14,False
419,2,16,False
420,2,10,False
421,2,28,False
422,2,30,False
423,2,27,False
424,2,32,False
425,2,8,False
426,2,13,True
427,2,34,False
428,2,38,False
429,2,24,False
430,2,30,False
431,2,24,False
432,2,7,False
433,2,6,False
434,2,4,False
435,2,6,False
436,2,7,False
437,2,31,False
438,2,18,False
439,2,4,False
440,2,37,False
441,2,17,False
442,2,2,False
443,2,30,False
444,2,11,False
445,2,4,False
446,2,23,False
447,2,25,False
448,2,24,False
449,2,3,False
450,3,12,False
451,3,31,False
452,3,34,False
453,3,39,False
454,3,3,False
455,3,37,False
456,3,21,True
457,3,31,False
458,3,11,False
459,3,24,False
460,3,7,False
461,3,30,False
462,3,10,False
463,3,35,False
464,3,3,False
465,3,16,False
466,3,30,False
467,3,9,False
468,3,22,True
469,3,37,False
470,3,25,False
471,3,36,False
472,3,32,False
473,3,36,False
474,3,10,False
475,3,2,False
476,3,30,False
477,3,24,False
478,3,2,False
479,3,19,True
480,3,34,False
481,3,34,False
482,3,37,False
483,3,13,True
484,3,38,False
485,3,6,False
486,3,5,True
487,3,23,False
488,3,4,False
489,3,16,False
490,3,31,False
491,3,38,False
492,3,32,False
493,3,23,False
494,3,27,False
495,3,6,False
496,3,17,False
497,3,3,False
498,3,23,False
499,3,21,True
500,3,37,False
501,3,1,False
502,3,27,False
503,3,25,False
504,3,7,False
505,3,30,False
506,3,12,False
507,3,15,False
508,3,27,False
509,3,34,False
510,3,35,False
511,3,13,True
512,3,7,False
513,3,36,False
514,3,27,False
515,3,21,True
516,3,32,False
517,3,30,False
518,3,1,False
519,3,16,False
520,3,25,False
521,3,34,False
522,3,6,False
523,3,34,False
524,3,10,False
525,3,12,False
526,3,27,False
527,3,27,False
528,3,7,False
529,3,21,True
530,3,25,False
531,3,14,False
532,3,1,False
533,3,30,False
534,3,33,False
535,3,27,False
536,3,28,False
537,3,3,False
538,3,6,False
539,3,36,False
540,3,32,False
541,3,33,False
542,3,37,False
543,3,16,False
544,3,0,False
545,3,29,True
546,3,10,False
547,3,19,True
548,3,33,False
549,3,34,False
550,3,34,False
551,3,21,True
552,3,35,False
553,3,35,False
554,3,12,False
555,3,37,False
556,3,5,True
557,3,6,False
558,3,4,False
559,3,25,False
560,3,38,False
561,3,26,False
562,3,36,False
563,3,11,False
564,3,0,False
565,3,39,False
566,3,6,False
567,3,2,False
568,3,20,False
569,3,18,False
570,3,33,False
571,3,5,True
572,3,10,False
573,3,38,False
574,3,3,False
575,3,27,False
576,3,13,True
577,3,9,False
578,3,36,False
579,3,24,False
580,3,25,False
581,3,25,False
582,3,30,False
583,3,27,False
584,3,0,False
585,3,21,True
586,3,37,False
587,3,39,False
588,3,18,False
589,3,26,False
590,3,1,False
591,3,13,True
592,3,8,False
593,3,15,False
594,3,38,False
595,3,2,False
596,3,14,False
597,3,31,False
598,3,1,False
599,3,15,False
600,4,34,False
601,4,33,False
602,4,6,False
603,4,12,False
604,4,35,False
605,4,21,True
606,4,6,False
607,4,32,False
608,4,4,False
609,4,17,False
610,4,1,False
611,4,17,False
612,4,2,False
613,4,9,False
614,4,10,False
615,4,15,False
616,4,31,False
617,4,25,False
618,4,33,False
619,4,38,False
620,4,14,False
621,4,21,True
622,4,2,False
623,4,31,False
624,4,0,False
625,4,0,False
626,4,7,False
627,4,0,False
628,4,15,False
629,4,0,False
630,4,20,False
631,4,24,False
632,4,37,False
633,4,24,False
634,4,35,False
635,4,38,False
636,4,11,False
637,4,4,False
638,4,6,False
639,4,18,False
640,4,18,False
641,4,0,False
642,4,14,False
643,4,9,False
644,4,10,False
645,4,11,False
646,4,23,False
647,4,6,False
648,4,7,False
649,4,12,False
650,4,38,False
651,4,37,False
652,4,26,False
653,4,38,False
654,4,4,False
655,4,27,False
656,4,36,False
657,4,21,True
658,4,14,False
659,4,39,False
660,4,1,False
661,4,19,True
662,4,19,True
663,4,38,False
664,4,20,False
665,4,20,False
666,4,16,False
667,4,8,False
668,4,25,False
669,4,16,False
670,4,27,False
671,4,19,True
672,4,10,False
673,4,38,False
674,4,2,False
675,4,9,False
676,4,13,True
677,4,29,True
678,4,7,False
679,4,35,False
680,4,16,False
681,4,33,False
682,4,24,False
683,4,14,False
684,4,11,False
685,4,30,False
686,4,14,False
687,4,30,False
688,4,18,False
689,4,26,False
690,4,9,False
691,4,21,True
692,4,35,False
693,4,17,False
694,4,24,False
695,4,12,False
696,4,2,False
697,4,6,False
698,4,27,False
699,4,10,False
700,4,22,True
701,4,16,False
702,4,9,False
703,4,24,False
704,4,24,False
705,4,13,True
706,4,28,False
707,4,19,True
708,4,37,False
709,4,8,False
710,4,4,False
711,4,37,False
712,4,1,False
713,4,2,False
714,4,29,True
715,4,8,False
716,4,39,False
717,4,38,False
718,4,26,False
719,4,34,False
720,4,31,False
721,4,20,False
722,4,14,False
723,4,34,False
724,4,39,False
725,4,27,False
726,4,22,True
727,4,5,True
728,4,12,False
729,4,16,False
730,4,26,False
731,4,5,True
732,4,39,False
733,4,25,False
734,4,24,False
735,4,31,False
736,4,19,True
737,4,8,False
738,4,25,False
739,4,32,False
740,4,17,False
741,4,31,False
742,4,0,False
743,4,33,False
744,4,38,False
745,4,36,False
746,4,4,False
747,4,34,False
748,4,16,False
749,4,19,True
750,5,11,False
751,5,20,False
752,5,19,True
753,5,21,True
754,5,10,False
755,5,5,True
756,5,28,False
757,5,29,True
758,5,38,False
759,5,22,True
760,5,23,False
761,5,23,False
762,5,16,False
763,5,12,False
764,5,0,False
765,5,2,False
766,5,6,False
767,5,24,False
768,5,10,False
769,5,3,False
770,5,34,False
771,5,2,False
772,5,39,False
773,5,25,False
774,5,31,False
775,5,29,True
776,5,11,False
777,5,16,False
778,5,8,False
779,5,6,False
780,5,1,False
781,5,6,False
782,5,24,False
783,5,36,False
784,5,14,False
785,5,13,True
786,5,4,False
787,5,5,True
788,5,22,True
789,5,29,True
790,5,30,False
791,5,5,True
792,5,1,False
793,5,20,False
794,5,36,False
795,5,4,False
796,5,33,False
797,5,31,False
798,5,34,False
799,5,39,False
800,5,39,False
801,5,15,False
802,5,29,True
803,5,22,True
804,5,5,True
805,5,12,False
806,5,18,False
807,5,28,False
808,5,35,False
809,5,33,False
810,5,7,False
811,5,11,False
812,5,11,False
813,5,4,False
814,5,8,False
815,5,15,False
816,5,11,False
817,5,31,False
818,5,9,False
819,5,16,False
820,5,17,False
821,5,2,False
822,5,16,False
823,5,39,False
824,5,9,False
825,5,5,True
826,5,6,False
827,5,26,False
828,5,5,True
829,5,35,False
830,5,26,False
831,5,31,False
832,5,22,True
833,5,5,True
834,5,29,True
835,5,29,True
836,5,28,False
837,5,27,False
838,5,22,True
839,5,11,False
840,5,13,True
841,5,5,True
842,5,29,True
843,5,14,False
844,5,18,False
845,5,21,True
846,5,31,False
847,5,2,False
848,5,8,False
849,5,1,False
850,5,28,False
851,5,33,False
852,5,34,False
853,5,16,False
854,5,0,False
855,5,35,False
856,5,28,False
857,5,38,False
858,5,10,False
859,5,24,False
860,5,13,True
861,5,36,False
862,5,36,False
863,5,31,False
864,5,36,False
865,5,19,True
866,5,1,False
867,5,25,False
868,5,20,False
869,5,0,False
870,5,9,False
871,5,15,False
872,5,20,False
873,5,5,True
874,5,32,False
875,5,32,False
876,5,7,False
877,5,25,False
878,5,9,False
879,5,5,True
880,5,35,False
881,5,15,False
882,5,19,True
883,5,15,False
884,5,1,False
885,5,27,False
886,5,24,False
887,5,25,False
888,5,12,False
889,5,27,False
890,5,17,False
891,5,1,False
892,5,2,False
893,5,12,False
894,5,3,False
895,5,4,False
896,5,8,False
897,5,18,False
898,5,33,False
899,5,37,False
900,-1,11,False
901,-1,29,True
902,-1,4,False
903,-1,24,False
904,-1,21,True
905,-1,9,False
906,-1,28,False
907,-1,3,False
908,-1,33,False
909,-1,26,False
910,-1,24,False
911,-1,21,True
912,-1,30,False
913,-1,8,False
914,-1,12,False
915,-1,17,False
916,-1,12,False
917,-1,19,True
918,-1,10,False
919,-1,4,False
920,-1,7,False
921,-1,14,False
922,-1,38,False
923,-1,27,False
924,-1,25,False
925,-1,12,False
926,-1,34,False
927,-1,7,False
928,-1,4,False
929,-1,8,False
930,-1,28,False
931,-1,37,False
932,-1,37,False
933,-1,12,False
934,-1,21,True
935,-1,25,False
936,-1,28,False
937,-1,24,False
938,-1,20,False
939,-1,30,False
940,-1,15,False
941,-1,6,False
942,-1,32,False
943,-1,4,False
944,-1,18,False
945,-1,1,False
946,-1,20,False
947,-1,36,False
948,-1,12,False
949,-1,25,False
950,-1,26,False
951,-1,28,False
952,-1,30,False
953,-1,34,False
954,-1,36,False
955,-1,39,False
956,-1,9,False
957,-1,39,False
958,-1,14,False
959,-1,37,False
960,-1,17,False
961,-1,16,False
962,-1,12,False
963,-1,21,True
964,-1,2,False
965,-1,17,False
966,-1,17,False
967,-1,24,False
968,-1,38,False
969,-1,36,False
970,-1,15,False
971,-1,20,False
972,-1,20,False
973,-1,2,False
974,-1,5,True
975,-1,0,False
976,-1,17,False
977,-1,7,False
978,-1,6,False
979,-1,31,False
980,-1,32,False
981,-1,33,False
982,-1,9,False
983,-1,4,False
984,-1,25,False
985,-1,1,False
986,-1,35,False
987,-1,35,False
988,-1,17,False
989,-1,9,False
990,-1,0,False
991,-1,34,False
992,-1,0,False
993,-1,1,False
994,-1,3,False
995,-1,7,False
996,-1,10,False
997,-1,38,False
998,-1,26,False
999,-1,0,False
1000,-1,16,False
1001,-1,8,False
1002,-1,0,False
1003,-1,26,False
1004,-1,12,False
1005,-1,28,False
1006,-1,1,False
1007,-1,26,False
1008,-1,26,False
1009,-1,35,False
1010,-1,0,False
1011,-1,37,False
1012,-1,33,False
1013,-1,10,False
1014,-1,1,False
1015,-1,34,False
1016,-1,12,False
1017,-1,28,False
1018,-1,11,False
1019,-1,28,False
1020,-1,0,False
1021,-1,19,True
1022,-1,1,False
1023,-1,1,False
1024,-1,6,False
1025,-1,8,False
1026,-1,35,False
1027,-1,35,False
1028,-1,1,False
1029,-1,35,False
1030,-1,3,False
1031,-1,29,True
1032,-1,11,False
1033,-1,15,False
1034,-1,38,False
1035,-1,14,False
1036,-1,2,False
1037,-1,13,True
1038,-1,3,False
1039,-1,30,False
1040,-1,34,False
1041,-1,11,False
1042,-1,33,False
1043,-1,14,False
1044,-1,24,False
1045,-1,29,True
1046,-1,6,False
1047,-1,27,False
1048,-1,28,False
1049,-1,7,False
1050,-1,18,False
1051,-1,23,False
1052,-1,31,False
1053,-1,14,False
1054,-1,28,False
1055,-1,6,False
1056,-1,11,False
1057,-1,36,False
1058,-1,0,False
1059,-1,7,False
1060,-1,36,False
1061,-1,11,False
1062,-1,9,False
1063,-1,2,False
1064,-1,35,False
1065,-1,26,False
1066,-1,26,False
1067,-1,18,False
1068,-1,15,False
1069,-1,39,False
1070,-1,34,False
1071,-1,39,False
1072,-1,15,False
1073,-1,20,False
1074,-1,3,False
1075,-1,36,False
1076,-1,16,False
1077,-1,7,False
1078,-1,36,False
1079,-1,14,False
1080,-1,27,False
1081,-1,9,False
1082,-1,1,False
1083,-1,39,False
1084,-1,10,False
1085,-1,29,True
1086,-1,38,False
1087,-1,35,False
1088,-1,35,False
1089,-1,3,False
1090,-1,20,False
1091,-1,35,False
1092,-1,23,False
1093,-1,5,True
1094,-1,1,False
1095,-1,31,False
1096,-1,15,False
1097,-1,0,False
1098,-1,25,False
1099,-1,9,False
1100,-1,39,False
1101,-1,1,False
1102,-1,5,True
1103,-1,39,False
1104,-1,36,False
1105,-1,5,True
1106,-1,17,False
1107,-1,22,True
1108,-1,21,True
1109,-1,7,False
1110,-1,14,False
1111,-1,19,True
1112,-1,34,False
1113,-1,18,False
1114,-1,12,False
1115,-1,23,False
1116,-1,4,False
1117,-1,11,False
1118,-1,17,False
1119,-1,3,False
1120,-1,27,False
1121,-1,37,False
1122,-1,6,False
1123,-1,30,False
1124,-1,32,False
1125,-1,2,False
1126,-1,32,False
1127,-1,35,False
1128,-1,25,False
1129,-1,26,False
1130,-1,38,False
1131,-1,0,False
1132,-1,2,False
1133,-1,11,False
1134,-1,20,False
1135,-1,21,True
1136,-1,32,False
1137,-1,6,False
1138,-1,32,False
1139,-1,14,False
1140,-1,17,False
1141,-1,34,False
1142,-1,5,True
1143,-1,7,False
1144,-1,28,False
1145,-1,1,False
1146,-1,34,False
1147,-1,17,False
1148,-1,24,False
1149,-1,12,False
1150,-1,25,False
1151,-1,37,False
1152,-1,11,False
1153,-1,3,False
1154,-1,32,False
1155,-1,15,False
1156,-1,34,False
1157,-1,6,False
1158,-1,35,False
1159,-1,19,True
1160,-1,25,False
1161,-1,39,False
1162,-1,21,True
1163,-1,19,True
1164,-1,30,False
1165,-1,24,False
1166,-1,21,True
1167,-1,38,False
1168,-1,26,False
1169,-1,22,True
1170,-1,13,True
1171,-1,13,True
1172,-1,21,True
1173,-1,4,False
1174,-1,10,False
1175,-1,8,False
1176,-1,26,False
1177,-1,6,False
1178,-1,38,False
1179,-1,9,False
1180,-1,16,False
1181,-1,37,False
1182,-1,26,False
1183,-1,29,True
1184,-1,25,False
1185,-1,31,False
1186,-1,32,False
1187,-1,38,False
1188,-1,36,False
1189,-1,8,False
1190,-1,26,False
1191,-1,23,False
1192,-1,36,False
1193,-1,31,False
1194,-1,21,True
1195,-1,28,False
1196,-1,32,False
1197,-1,10,False
1198,-1,10,False
1199,-1,38,False
1200,-1,9,False
1201,-1,38,False
1202,-1,35,False
1203,-1,27,False
1204,-1,2,False
1205,-1,4,False
1206,-1,15,False
1207,-1,33,False
1208,-1,19,True
1209,-1,23,False
1210,-1,27,False
1211,-1,26,False
1212,-1,16,False
1213,-1,38,False
1214,-1,26,False
1215,-1,13,True
1216,-1,32,False
1217,-1,24,False
1218,-1,13,True
1219,-1,22,True
1220,-1,8,False
1221,-1,3,False
1222,-1,36,False
1223,-1,8,False
1224,-1,23,False
1225,-1,2,False
1226,-1,31,False
1227,-1,17,False
1228,-1,4,False
1229,-1,30,False
1230,-1,25,False
1231,-1,25,False
1232,-1,37,False
1233,-1,34,False
1234,-1,14,False
1235,-1,15,False
1236,-1,2,False
1237,-1,20,False
1238,-1,32,False
1239,-1,26,False
1240,-1,9,False
1241,-1,19,True
1242,-1,15,False
1243,-1,31,False
1244,-1,25,False
1245,-1,28,False
1246,-1,12,False
1247,-1,31,False
1248,-1,15,False
1249,-1,2,False
1250,-1,28,False
1251,-1,35,False
1252,-1,36,False
1253,-1,37,False
1254,-1,29,True
1255,-1,4,False
1256,-1,29,True
1257,-1,14,False
1258,-1,28,False
1259,-1,10,False
1260,-1,32,False
1261,-1,15,False
1262,-1,12,False
1263,-1,5,True
1264,-1,38,False
1265,-1,8,False
1266,-1,12,False
1267,-1,7,False
1268,-1,4,False
1269,-1,4,False
1270,-1,38,False
1271,-1,16,False
1272,-1,24,False
1273,-1,31,False
1274,-1,28,False
1275,-1,14,False
1276,-1,26,False
1277,-1,6,False
1278,-1,6,False
1279,-1,30,False
1280,-1,31,False
1281,-1,32,False
1282,-1,24,False
1283,-1,30,False
1284,-1,9,False
1285,-1,17,False
1286,-1,24,False
1287,-1,37,False
1288,-1,26,False
1289,-1,38,False
1290,-1,8,False
1291,-1,38,False
1292,-1,2,False
1293,-1,24,False
1294,-1,32,False
1295,-1,23,False
1296,-1,17,False
1297,-1,24,False
1298,-1,11,False
1299,-1,38,False
1300,-1,38,False
1301,-1,28,False
1302,-1,13,True
1303,-1,10,False
1304,-1,23,False
1305,-1,8,False
1306,-1,28,False
1307,-1,34,False
1308,-1,2,False
1309,-1,13,True
1310,-1,25,False
1311,-1,38,False
1312,-1,29,True
1313,-1,34,False
1314,-1,33,False
1315,-1,39,False
1316,-1,20,False
1317,-1,13,True
1318,-1,33,False
1319,-1,6,False
1320,-1,37,False
1321,-1,2,False
1322,-1,31,False
1323,-1,3,False
1324,-1,24,False
1325,-1,34,False
1326,-1,31,False
1327,-1,27,False
1328,-1,2,False
1329,-1,6,False
1330,-1,11,False
1331,-1,38,False
1332,-1,32,False
1333,-1,25,False
1334,-1,6,False
1335,-1,30,False
1336,-1,38,False
1337,-1,9,False
1338,-1,5,True
1339,-1,15,False
1340,-1,30,False
1341,-1,12,False
1342,-1,0,False
1343,-1,23,False
1344,-1,34,False
1345,-1,10,False
1346,-1,27,False
1347,-1,30,False
1348,-1,35,False
1349,-1,17,False
1350,-1,28,False
1351,-1,18,False
1352,-1,23,False
1353,-1,33,False
1354,-1,32,False
1355,-1,7,False
1356,-1,20,False
1357,-1,18,False
1358,-1,12,False
1359,-1,19,True
1360,-1,23,False
1361,-1,32,False
1362,-1,8,False
1363,-1,0,False
1364,-1,10,False
1365,-1,33,False
1366,-1,17,False
1367,-1,29,True
1368,-1,39,False
1369,-1,2,False
1370,-1,27,False
1371,-1,1,False
1372,-1,31,False
1373,-1,39,False
1374,-1,5,True
1375,-1,14,False
1376,-1,27,False
1377,-1,34,False
1378,-1,16,False
1379,-1,19,True
1380,-1,39,False
1381,-1,31,False
1382,-1,25,False
1383,-1,36,False
1384,-1,17,False
1385,-1,25,False
1386,-1,32,False
1387,-1,15,False
1388,-1,14,False
1389,-1,19,True
1390,-1,33,False
1391,-1,27,False
1392,-1,7,False
1393,-1,28,False
1394,-1,4,False
1395,-1,38,False
1396,-1,29,True
1397,-1,32,False
1398,-1,11,False
1399,-1,17,False
1400,-1,19,True
1401,-1,25,False
1402,-1,1,False
1403,-1,20,False
1404,-1,24,False
1405,-1,16,False
1406,-1,18,False
1407,-1,29,True
1408,-1,36,False
1409,-1,17,False
1410,-1,38,False
1411,-1,1,False
1412,-1,17,False
1413,-1,4,False
1414,-1,8,False
1415,-1,3,False
1416,-1,22,True
1417,-1,11,False
1418,-1,35,False
1419,-1,16,False
1420,-1,5,True
1421,-1,20,False
1422,-1,4,False
1423,-1,36,False
1424,-1,16,False
1425,-1,26,False
1426,-1,34,False
1427,-1,21,True
1428,-1,26,False
1429,-1,28,False
1430,-1,21,True
1431,-1,6,False
1432,-1,19,True
1433,-1,34,False
1434,-1,11,False
1435,-1,24,False
1436,-1,37,False
1437,-1,23,False
1438,-1,14,False
1439,-1,31,False
1440,-1,0,False
1441,-1,8,False
1442,-1,16,False
1443,-1,26,False
1444,-1,8,False
1445,-1,3,False
1446,-1,8,False
1447,-1,18,False
1448,-1,3,False
1449,-1,14,False
1450,-1,20,False
1451,-1,20,False
1452,-1,23,False
1453,-1,36,False
1454,-1,25,False
1455,-1,30,False
1456,-1,13,True
1457,-1,15,False
1458,-1,5,True
1459,-1,29,True
1460,-1,31,False
1461,-1,15,False
1462,-1,18,False
1463,-1,39,False
1464,-1,33,False
1465,-1,21,True
1466,-1,5,True
1467,-1,33,False
1468,-1,2,False
1469,-1,19,True
1470,-1,9,False
1471,-1,14,False
1472,-1,30,False
1473,-1,2,False
1474,-1,23,False
1475,-1,7,False
1476,-1,4,False
1477,-1,39,False
1478,-1,4,False
1479,-1,34,False
1480,-1,6,False
1481,-1,32,False
1482,-1,37,False
1483,-1,33,False
1484,-1,23,False
1485,-1,23,False
1486,-1,12,False
1487,-1,13,True
1488,-1,39,False
1489,-1,10,False
1490,-1,13,True
1491,-1,38,False
1492,-1,21,True
1493,-1,22,True
1494,-1,33,False
1495,-1,27,False
1496,-1,6,False
1497,-1,31,False
1498,-1,32,False
1499,-1,27,False
1500,-1,16,False
1501,-1,23,False
1502,-1,23,False
1503,-1,36,False
1504,-1,35,False
1505,-1,2,False
1506,-1,38,False
1507,-1,17,False
1508,-1,31,False
1509,-1,34,False
1510,-1,29,True
1511,-1,20,False
1512,-1,16,False
1513,-1,27,False
1514,-1,0,False
1515,-1,15,False
1516,-1,11,False
1517,-1,21,True
1518,-1,25,False
1519,-1,2,False
1520,-1,21,True
1521,-1,14,False
1522,-1,18,False
1523,-1,0,False
1524,-1,11,False
1525,-1,5,True
1526,-1,16,False
1527,-1,22,True
1528,-1,22,True
1529,-1,16,False
1530,-1,36,False
1531,-1,32,False
1532,-1,35,False
1533,-1,34,False
1534,-1,38,False
1535,-1,28,False
1536,-1,3,False
1537,-1,17,False
1538,-1,12,False
1539,-1,25,False
1540,-1,13,True
1541,-1,29,True
1542,-1,8,False
1543,-1,15,False
1544,-1,8,False
1545,-1,13,True
1546,-1,30,False
1547,-1,9,False
1548,-1,22,True
1549,-1,21,True
1550,-1,8,False
1551,-1,6,False
1552,-1,4,False
1553,-1,3,False
1554,-1,18,False
1555,-1,38,False
1556,-1,38,False
1557,-1,22,True
1558,-1,17,False
1559,-1,39,False
1560,-1,32,False
1561,-1,25,False
1562,-1,36,False
1563,-1,18,False
1564,-1,19,True
1565,-1,6,False
1566,-1,5,True
1567,-1,16,False
1568,-1,28,False
1569,-1,20,False
1570,-1,17,False
1571,-1,10,False
1572,-1,37,False
1573,-1,19,True
1574,-1,39,False
1575,-1,18,False
1576,-1,28,False
1577,-1,4,False
1578,-1,23,False
1579,-1,2,False
1580,-1,23,False
1581,-1,29,True
1582,-1,25,False
1583,-1,20,False
1584,-1,31,False
1585,-1,0,False
1586,-1,7,False
1587,-1,6,False
1588,-1,28,False
1589,-1,32,False
1590,-1,35,False
1591,-1,37,False
1592,-1,10,False
1593,-1,37,False
1594,-1,10,False
1595,-1,6,False
1596,-1,37,False
1597,-1,11,False
1598,-1,10,False
1599,-1,1,False
1600,-1,1,False
1601,-1,31,False
1602,-1,25,False
1603,-1,35,False
1604,-1,39,False
1605,-1,0,False
1606,-1,17,False
1607,-1,26,False
1608,-1,11,False
1609,-1,27,False
1610,-1,38,False
1611,-1,36,False
1612,-1,31,False
1613,-1,37,False
1614,-1,0,False
1615,-1,2,False
1616,-1,3,False
1617,-1,38,False
1618,-1,17,False
1619,-1,30,False
1620,-1,6,False
1621,-1,26,False
1622,-1,10,False
1623,-1,22,True
1624,-1,37,False
1625,-1,7,False
1626,-1,5,True
1627,-1,4,False
1628,-1,34,False
1629,-1,17,False
1630,-1,10,False
1631,-1,35,False
1632,-1,30,False
1633,-1,37,False
1634,-1,17,False
1635,-1,29,True
1636,-1,34,False
1637,-1,14,False
1638,-1,18,False
1639,-1,21,True
1640,-1,0,False
1641,-1,21,True
1642,-1,3,False
1643,-1,23,False
1644,-1,20,False
1645,-1,6,False
1646,-1,31,False
1647,-1,0,False
1648,-1,28,False
1649,-1,0,False
1650,-1,25,False
1651,-1,20,False
1652,-1,29,True
1653,-1,9,False
1654,-1,16,False
1655,-1,1,False
1656,-1,33,False
1657,-1,3,False
1658,-1,37,False
1659,-1,34,False
1660,-1,24,False
1661,-1,1,False
1662,-1,31,False
1663,-1,22,True
1664,-1,0,False
1665,-1,16,False
1666,-1,22,True
1667,-1,21,True
1668,-1,19,True
1669,-1,36,False
1670,-1,33,False
1671,-1,18,False
1672,-1,1,False
1673,-1,16,False
1674,-1,32,False
1675,-1,15,False
1676,-1,20,False
1677,-1,18,False
1678,-1,25,False
1679,-1,12,False
1680,-1,11,False
1681,-1,22,True
1682,-1,33,False
1683,-1,20,False
1684,-1,18,False
1685,-1,6,False
1686,-1,28,False
1687,-1,27,False
1688,-1,31,False
1689,-1,39,False
1690,-1,30,False
1691,-1,34,False
1692,-1,30,False
1693,-1,11,False
1694,-1,37,False
1695,-1,10,False
1696,-1,18,False
1697,-1,13,True
1698,-1,24,False
1699,-1,9,False
1700,-1,18,False
1701,-1,2,False
1702,-1,34,False
1703,-1,37,False
1704,-1,29,True
1705,-1,8,False
1706,-1,37,False
1707,-1,24,False
1708,-1,28,False
1709,-1,17,False
1710,-1,32,False
1711,-1,15,False
1712,-1,15,False
1713,-1,32,False
1714,-1,2,False
1715,-1,15,False
1716,-1,38,False
1717,-1,39,False
1718,-1,11,False
1719,-1,39,False
1720,-1,27,False
1721,-1,19,True
1722,-1,26,False
1723,-1,19,True
1724,-1,18,False
1725,-1,30,False
1726,-1,24,False
1727,-1,28,False
1728,-1,3,False
1729,-1,12,False
1730,-1,35,False
1731,-1,17,False
1732,-1,19,True
1733,-1,35,False
1734,-1,37,False
1735,-1,9,False
1736,-1,8,False
1737,-1,7,False
1738,-1,6,False
1739,-1,6,False
1740,-1,12,False
1741,-1,34,False
1742,-1,37,False
1743,-1,33,False
1744,-1,37,False
1745,-1,39,False
1746,-1,25,False
1747,-1,12,False
1748,-1,25,False
1749,-1,19,True
1750,-1,27,False
1751,-1,24,False
1752,-1,32,False
1753,-1,14,False
1754,-1,0,False
1755,-1,11,False
1756,-1,33,False
1757,-1,1,False
1758,-1,11,False
1759,-1,21,True
1760,-1,4,False
1761,-1,28,False
1762,-1,4,False
1763,-1,14,False
1764,-1,18,False
1765,-1,26,False
1766,-1,11,False
1767,-1,31,False
1768,-1,39,False
1769,-1,7,False
1770,-1,21,True
1771,-1,37,False
1772,-1,27,False
1773,-1,37,False
1774,-1,30,False
1775,-1,20,False
1776,-1,17,False
1777,-1,35,False
1778,-1,39,False
1779,-1,32,False
1780,-1,25,False
1781,-1,36,False
1782,-1,20,False
1783,-1,8,False
1784,-1,1,False
1785,-1,26,False
1786,-1,12,False
1787,-1,3,False
1788,-1,20,False
1789,-1,34,False
1790,-1,13,True
1791,-1,5,True
1792,-1,11,False
1793,-1,4,False
1794,-1,17,False
1795,-1,14,False
1796,-1,21,True
1797,-1,20,False
1798,-1,9,False
1799,-1,18,False
1800,-1,6,False
1801,-1,39,False
1802,-1,14,False
1803,-1,0,False
1804,-1,28,False
1805,-1,36,False
1806,-1,33,False
1807,-1,6,False
1808,-1,31,False
1809,-1,20,False
1810,-1,34,False
1811,-1,14,False
1812,-1,6,False
1813,-1,2,False
1814,-1,1,False
1815,-1,10,False
1816,-1,27,False
1817,-1,29,True
1818,-1,2,False
1819,-1,39,False
1820,-1,23,False
1821,-1,5,True
1822,-1,16,False
1823,-1,25,False
1824,-1,37,False
1825,-1,3,False
1826,-1,16,False
1827,-1,11,False
1828,-1,2,False
1829,-1,18,False
1830,-1,11,False
1831,-1,2,False
1832,-1,6,False
1833,-1,13,True
1834,-1,22,True
1835,-1,30,False
1836,-1,8,False
1837,-1,11,False
1838,-1,25,False
1839,-1,28,False
1840,-1,35,False
1841,-1,39,False
1842,-1,27,False
1843,-1,18,False
1844,-1,17,False
1845,-1,32,False
1846,-1,13,True
1847,-1,36,False
1848,-1,25,False
1849,-1,19,True
1850,-1,31,False
1851,-1,0,False
1852,-1,23,False
1853,-1,8,False
1854,-1,12,False
1855,-1,30,False
1856,-1,27,False
1857,-1,34,False
1858,-1,28,False
1859,-1,32,False
1860,-1,10,False
1861,-1,33,False
1862,-1,9,False
1863,-1,15,False
1864,-1,26,False
1865,-1,14,False
1866,-1,8,False
1867,-1,10,False
1868,-1,13,True
1869,-1,37,False
1870,-1,25,False
1871,-1,10,False
1872,-1,5,True
1873,-1,31,False
1874,-1,3,False
1875,-1,10,False
1876,-1,9,False
1877,-1,2,False
1878,-1,29,True
1879,-1,29,True
1880,-1,10,False
1881,-1,4,False
1882,-1,33,False
1883,-1,0,False
1884,-1,23,False
1885,-1,27,False
1886,-1,9,False
1887,-1,12,False
1888,-1,36,False
1889,-1,9,False
1890,-1,32,False
1891,-1,24,False
1892,-1,7,False
1893,-1,25,False
1894,-1,11,False
1895,-1,25,False
1896,-1,28,False
1897,-1,7,False
1898,-1,37,False
1899,-1,35,False
1900,-1,36,False
1901,-1,30,False
1902,-1,36,False
1903,-1,25,False
1904,-1,20,False
1905,-1,9,False
1906,-1,26,False
1907,-1,27,False
1908,-1,16,False
1909,-1,2,False
1910,-1,33,False
1911,-1,11,False
1912,-1,29,True
1913,-1,22,True
1914,-1,0,False
1915,-1,3,False
1916,-1,35,False
1917,-1,1,False
1918,-1,10,False
1919,-1,20,False
1920,-1,4,False
1921,-1,32,False
1922,-1,34,False
1923,-1,27,False
1924,-1,33,False
1925,-1,4,False
1926,-1,17,False
1927,-1,25,False
1928,-1,5,True
1929,-1,0,False
1930,-1,31,False
1931,-1,21,True
1932,-1,8,False
1933,-1,36,False
1934,-1,30,False
1935,-1,7,False
1936,-1,11,False
1937,-1,14,False
1938,-1,12,False
1939,-1,20,False
1940,-1,22,True
1941,-1,12,False
1942,-1,9,False
1943,-1,28,False
1944,-1,37,False
1945,-1,3,False
1946,-1,7,False
1947,-1,13,True
1948,-1,13,True
1949,-1,28,False
1950,-1,24,False
1951,-1,38,False
1952,-1,4,False
1953,-1,7,False
1954,-1,21,True
1955,-1,16,False
1956,-1,20,False
1957,-1,37,False
1958,-1,36,False
1959,-1,13,True
1960,-1,22,True
1961,-1,16,False
1962,-1,0,False
1963,-1,16,False
1964,-1,10,False
1965,-1,17,False
1966,-1,28,False
1967,-1,8,False
1968,-1,3,False
1969,-1,19,True
1970,-1,26,False
1971,-1,38,False
1972,-1,22,True
1973,-1,10,False
1974,-1,12,False
1975,-1,5,True
1976,-1,10,False
1977,-1,14,False
1978,-1,7,False
1979,-1,11,False
1980,-1,11,False
1981,-1,1,False
1982,-1,39,False
1983,-1,39,False
1984,-1,33,False
1985,-1,26,False
1986,-1,11,False
1987,-1,33,False
1988,-1,3,False
1989,-1,5,True
1990,-1,8,False
1991,-1,12,False
1992,-1,7,False
1993,-1,33,False
1994,-1,16,False
1995,-1,3,False
1996,-1,15,False
1997,-1,27,False
1998,-1,10,False
1999,-1,5,True
2000,-1,10,False
2001,-1,37,False
2002,-1,7,False
2003,-1,10,False
2004,-1,10,False
2005,-1,1,False
2006,-1,5,True
2007,-1,23,False
2008,-1,26,False
2009,-1,7,False
2010,-1,13,True
2011,-1,3,False
2012,-1,23,False
2013,-1,7,False
2014,-1,9,False
2015,-1,3,False
2016,-1,25,False
2017,-1,16,False
2018,-1,35,False
2019,-1,6,False
2020,-1,21,True
2021,-1,16,False
2022,-1,24,False
2023,-1,20,False
2024,-1,1,False
2025,-1,8,False
2026,-1,38,False
2027,-1,6,False
2028,-1,20,False
2029,-1,12,False
2030,-1,13,True
2031,-1,32,False
2032,-1,16,False
2033,-1,27,False
2034,-1,16,False
2035,-1,35,False
2036,-1,30,False
2037,-1,7,False
2038,-1,39,False
2039,-1,37,False
2040,-1,9,False
2041,-1,37,False
2042,-1,10,False
2043,-1,2,False
2044,-1,20,False
2045,-1,10,False
2046,-1,16,False
2047,-1,23,False
2048,-1,22,True
2049,-1,20,False
2050,-1,20,False
2051,-1,33,False
2052,-1,1,False
2053,-1,8,False
2054,-1,9,False
2055,-1,0,False
2056,-1,38,False
2057,-1,2,False
2058,-1,24,False
2059,-1,11,False
2060,-1,1,False
2061,-1,39,False
2062,-1,35,False
2063,-1,14,False
2064,-1,17,False
2065,-1,14,False
2066,-1,15,False
2067,-1,9,False
2068,-1,15,False
2069,-1,8,False
2070,-1,24,False
2071,-1,28,False
2072,-1,6,False
2073,-1,25,False
2074,-1,8,False
2075,-1,27,False
2076,-1,34,False
2077,-1,4,False
2078,-1,16,False
2079,-1,37,False
2080,-1,4,False
2081,-1,0,False
2082,-1,6,False
2083,-1,28,False
2084,-1,13,True
2085,-1,36,False
2086,-1,36,False
2087,-1,27,False
2088,-1,3,False
2089,-1,15,False
2090,-1,5,True
2091,-1,8,False
2092,-1,5,True
2093,-1,27,False
2094,-1,19,True
2095,-1,36,False
2096,-1,7,False
2097,-1,9,False
2098,-1,27,False
2099,-1,30,False
2100,-1,35,False
2101,-1,33,False
2102,-1,31,False
2103,-1,11,False
2104,-1,0,False
2105,-1,23,False
2106,-1,39,False
2107,-1,12,False
2108,-1,25,False
2109,-1,11,False
2110,-1,22,True
2111,-1,11,False
2112,-1,6,False
2113,-1,27,False
2114,-1,11,False
2115,-1,29,True
2116,-1,19,True
2117,-1,8,False
2118,-1,0,False
2119,-1,27,False
2120,-1,22,True
2121,-1,8,False
2122,-1,26,False
2123,-1,2,False
2124,-1,0,False
2125,-1,25,False
2126,-1,4,False
2127,-1,33,False
2128,-1,1,False
2129,-1,33,False
2130,-1,23,False
2131,-1,8,False
2132,-1,19,True
2133,-1,1,False
2134,-1,13,True
2135,-1,0,False
2136,-1,4,False
2137,-1,26,False
2138,-1,0,False
2139,-1,20,False
2140,-1,38,False
2141,-1,15,False
2142,-1,36,False
2143,-1,25,False
2144,-1,27,False
2145,-1,0,False
2146,-1,33,False
2147,-1,7,False
2148,-1,7,False
2149,-1,28,False
2150,-1,29,True
2151,-1,18,False
2152,-1,14,False
2153,-1,2,False
2154,-1,23,False
2155,-1,25,False
2156,-1,3,False
2157,-1,26,False
2158,-1,4,False
2159,-1,15,False
2160,-1,32,False
2161,-1,25,False
2162,-1,4,False
2163,-1,6,False
2164,-1,10,False
2165,-1,33,False
2166,-1,4,False
2167,-1,13,True
2168,-1,9,False
2169,-1,10,False
2170,-1,0,False
2171,-1,24,False
2172,-1,11,False
2173,-1,24,False
2174,-1,29,True
2175,-1,8,False
2176,-1,20,False
2177,-1,19,True
2178,-1,10,False
2179,-1,22,True
2180,-1,24,False
2181,-1,30,False
2182,-1,23,False
2183,-1,18,False
2184,-1,25,False
2185,-1,36,False
2186,-1,9,False
2187,-1,18,False
2188,-1,1,False
2189,-1,18,False
2190,-1,23,False
2191,-1,13,True
2192,-1,28,False
2193,-1,12,False
2194,-1,16,False
2195,-1,31,False
2196,-1,24,False
2197,-1,26,False
2198,-1,21,True
2199,-1,37,False
2200,-1,33,False
2201,-1,32,False
2202,-1,32,False
2203,-1,29,True
2204,-1,25,False
2205,-1,21,True
2206,-1,21,True
2207,-1,26,False
2208,-1,17,False
2209,-1,32,False
2210,-1,7,False
2211,-1,14,False
2212,-1,15,False
2213,-1,31,False
2214,-1,10,False
2215,-1,24,False
2216,-1,7,False
2217,-1,10,False
2218,-1,20,False
2219,-1,17,False
2220,-1,37,False
2221,-1,39,False
2222,-1,38,False
2223,-1,20,False
2224,-1,13,True
2225,-1,11,False
2226,-1,7,False
2227,-1,15,False
2228,-1,3,False
2229,-1,39,False
2230,-1,38,False
2231,-1,10,False
2232,-1,1,False
2233,-1,8,False
2234,-1,27,False
2235,-1,37,False
2236,-1,3,False
2237,-1,36,False
2238,-1,27,False
2239,-1,39,False
2240,-1,18,False
2241,-1,21,True
2242,-1,25,False
2243,-1,5,True
2244,-1,8,False
2245,-1,39,False
2246,-1,32,False
2247,-1,31,False
2248,-1,13,True
2249,-1,19,True
2250,-1,13,True
2251,-1,11,False
2252,-1,0,False
2253,-1,31,False
2254,-1,21,True
2255,-1,35,False
2256,-1,36,False
2257,-1,3,False
2258,-1,30,False
2259,-1,12,False
2260,-1,13,True
2261,-1,26,False
2262,-1,4,False
2263,-1,9,False
2264,-1,21,True
2265,-1,5,True
2266,-1,7,False
2267,-1,25,False
2268,-1,7,False
2269,-1,8,False
2270,-1,1,False
2271,-1,5,True
2272,-1,13,True
2273,-1,22,True
2274,-1,34,False
2275,-1,28,False
2276,-1,18,False
2277,-1,28,False
2278,-1,0,False
2279,-1,19,True
2280,-1,27,False
2281,-1,8,False
2282,-1,34,False
2283,-1,38,False
2284,-1,11,False
2285,-1,31,False
2286,-1,15,False
2287,-1,28,False
2288,-1,20,False
2289,-1,37,False
2290,-1,35,False
2291,-1,9,False
2292,-1,30,False
2293,-1,18,False
2294,-1,7,False
2295,-1,23,False
2296,-1,21,True
2297,-1,32,False
2298,-1,17,False
2299,-1,23,False
2300,-1,35,False
2301,-1,24,False
2302,-1,20,False
2303,-1,21,True
2304,-1,17,False
2305,-1,37,False
2306,-1,20,False
2307,-1,6,False
2308,-1,3,False
2309,-1,38,False
2310,-1,19,True
2311,-1,1,False
2312,-1,33,False
2313,-1,10,False
2314,-1,21,True
2315,-1,3,False
2316,-1,11,False
2317,-1,7,False
2318,-1,26,False
2319,-1,4,False
2320,-1,23,False
2321,-1,7,False
2322,-1,30,False
2323,-1,24,False
2324,-1,33,False
2325,-1,7,False
2326,-1,7,False
2327,-1,30,False
2328,-1,7,False
2329,-1,30,False
2330,-1,17,False
2331,-1,31,False
2332,-1,15,False
2333,-1,11,False
2334,-1,19,True
2335,-1,30,False
2336,-1,16,False
2337,-1,13,True
2338,-1,20,False
2339,-1,33,False
2340,-1,15,False
2341,-1,14,False
2342,-1,13,True
2343,-1,39,False
2344,-1,8,False
2345,-1,9,False
2346,-1,27,False
2347,-1,25,False
2348,-1,35,False
2349,-1,18,False
2350,-1,28,False
2351,-1,9,False
2352,-1,11,False
2353,-1,37,False
2354,-1,2,False
2355,-1,8,False
2356,-1,18,False
2357,-1,13,True
2358,-1,32,False
2359,-1,0,False
2360,-1,30,False
2361,-1,28,False
2362,-1,39,False
2363,-1,24,False
2364,-1,30,False
2365,-1,30,False
2366,-1,39,False
2367,-1,39,False
2368,-1,3,False
2369,-1,18,False
2370,-1,31,False
2371,-1,8,False
2372,-1,25,False
2373,-1,9,False
2374,-1,11,False
2375,-1,27,False
2376,-1,26,False
2377,-1,17,False
2378,-1,33,False
2379,-1,38,False
2380,-1,8,False
2381,-1,16,False
2382,-1,13,True
2383,-1,36,False
2384,-1,5,True
2385,-1,16,False
2386,-1,4,False
2387,-1,3,False
2388,-1,39,False
2389,-1,22,True
2390,-1,14,False
2391,-1,7,False
2392,-1,14,False
2393,-1,23,False
2394,-1,16,False
2395,-1,6,False
2396,-1,20,False
2397,-1,17,False
2398,-1,20,False
2399,-1,32,False
2400,-1,27,False
2401,-1,35,False
2402,-1,25,False
2403,-1,6,False
2404,-1,18,False
2405,-1,12,False
2406,-1,22,True
2407,-1,20,False
2408,-1,15,False
2409,-1,27,False
2410,-1,17,False
2411,-1,9,False
2412,-1,33,False
2413,-1,22,True
2414,-1,38,False
2415,-1,17,False
2416,-1,13,True
2417,-1,23,False
2418,-1,0,False
2419,-1,27,False
2420,-1,16,False
2421,-1,35,False
2422,-1,9,False
2423,-1,6,False
2424,-1,21,True
2425,-1,27,False
2426,-1,1,False
2427,-1,24,False
2428,-1,4,False
2429,-1,9,False
2430,-1,12,False
2431,-1,29,True
2432,-1,23,False
2433,-1,18,False
2434,-1,10,False
2435,-1,14,False
2436,-1,6,False
2437,-1,18,False
2438,-1,37,False
2439,-1,18,False
2440,-1,23,False
2441,-1,25,False
2442,-1,7,False
2443,-1,34,False
2444,-1,20,False
2445,-1,4,False
2446,-1,21,True
2447,-1,34,False
2448,-1,18,False
2449,-1,10,False
2450,-1,4,False
2451,-1,2,False
2452,-1,38,False
2453,-1,16,False
2454,-1,39,False
2455,-1,17,False
2456,-1,12,False
2457,-1,35,False
2458,-1,12,False
2459,-1,38,False
2460,-1,10,False
2461,-1,31,False
2462,-1,5,True
2463,-1,9,False
2464,-1,28,False
2465,-1,28,False
2466,-1,27,False
2467,-1,19,True
2468,-1,16,False
2469,-1,31,False
2470,-1,0,False
2471,-1,16,False
2472,-1,33,False
2473,-1,12,False
2474,-1,38,False
2475,-1,23,False
2476,-1,35,False
2477,-1,0,False
2478,-1,19,True
2479,-1,2,False
2480,-1,32,False
2481,-1,27,False
2482,-1,19,True
2483,-1,14,False
2484,-1,32,False
2485,-1,30,False
2486,-1,27,False
2487,-1,17,False
2488,-1,17,False
2489,-1,21,True
2490,-1,19,True
2491,-1,12,False
2492,-1,7,False
2493,-1,20,False
2494,-1,27,False
2495,-1,1,False
2496,-1,21,True
2497,-1,9,False
2498,-1,15,False
2499,-1,17,False
2500,-1,26,False
2501,-1,5,True
2502,-1,19,True
2503,-1,25,False
2504,-1,33,False
2505,-1,0,False
2506,-1,19,True
2507,-1,35,False
2508,-1,35,False
2509,-1,17,False
2510,-1,11,False
2511,-1,6,False
2512,-1,36,False
2513,-1,21,True
2514,-1,21,True
2515,-1,4,False
2516,-1,22,True
2517,-1,10,False
2518,-1,32,False
2519,-1,9,False
2520,-1,19,True
2521,-1,23,False
2522,-1,22,True
2523,-1,33,False
2524,-1,31,False
2525,-1,17,False
2526,-1,20,False
2527,-1,19,True
2528,-1,25,False
2529,-1,30,False
2530,-1,35,False
2531,-1,34,False
2532,-1,21,True
2533,-1,9,False
2534,-1,15,False
2535,-1,23,False
2536,-1,11,False
2537,-1,1,False
2538,-1,22,True
2539,-1,37,False
2540,-1,10,False
2541,-1,30,False
2542,-1,1,False
2543,-1,0,False
2544,-1,26,False
2545,-1,6,False
2546,-1,7,False
2547,-1,32,False
2548,-1,3,False
2549,-1,14,False
2550,-1,32,False
2551,-1,15,False
2552,-1,5,True
2553,-1,31,False
2554,-1,1,False
2555,-1,34,False
2556,-1,26,False
2557,-1,38,False
2558,-1,2,False
2559,-1,0,False
2560,-1,3,False
2561,-1,37,False
2562,-1,36,False
2563,-1,23,False
2564,-1,24,False
2565,-1,2,False
2566,-1,26,False
2567,-1,20,False
2568,-1,23,False
2569,-1,1,False
2570,-1,25,False
2571,-1,27,False
2572,-1,28,False
2573,-1,29,True
2574,-1,1,False
2575,-1,23,False
2576,-1,20,False
2577,-1,38,False
2578,-1,28,False
2579,-1,18,False
2580,-1,10,False
2581,-1,36,False
2582,-1,8,False
2583,-1,25,False
2584,-1,2,False
2585,-1,38,False
2586,-1,7,False
2587,-1,37,False
2588,-1,26,False
2589,-1,20,False
2590,-1,1,False
2591,-1,10,False
2592,-1,20,False
2593,-1,33,False
2594,-1,34,False
2595,-1,34,False
2596,-1,18,False
2597,-1,15,False
2598,-1,8,False
2599,-1,18,False
2600,-1,3,False
2601,-1,30,False
2602,-1,38,False
2603,-1,18,False
2604,-1,3,False
2605,-1,19,True
2606,-1,10,False
2607,-1,26,False
2608,-1,29,True
2609,-1,11,False
2610,-1,19,True
2611,-1,12,False
2612,-1,38,False
2613,-1,31,False
2614,-1,33,False
2615,-1,11,False
2616,-1,13,True
2617,-1,0,False
2618,-1,22,True
2619,-1,5,True
2620,-1,2,False
2621,-1,7,False
2622,-1,37,False
2623,-1,8,False
2624,-1,0,False
2625,-1,3,False
2626,-1,12,False
2627,-1,7,False
2628,-1,33,False
2629,-1,26,False
2630,-1,10,False
2631,-1,25,False
2632,-1,9,False
2633,-1,14,False
2634,-1,38,False
2635,-1,37,False
2636,-1,3,False
2637,-1,14,False
2638,-1,25,False
2639,-1,19,True
2640,-1,3,False
2641,-1,25,False
2642,-1,8,False
2643,-1,38,False
2644,-1,0,False
2645,-1,8,False
2646,-1,30,False
2647,-1,24,False
2648,-1,28,False
2649,-1,32,False
2650,-1,0,False
2651,-1,39,False
2652,-1,27,False
2653,-1,33,False
2654,-1,36,False
2655,-1,29,True
2656,-1,15,False
2657,-1,11,False
2658,-1,11,False
2659,-1,9,False
2660,-1,24,False
2661,-1,29,True
2662,-1,32,False
2663,-1,9,False
2664,-1,6,False
2665,-1,7,False
2666,-1,13,True
2667,-1,18,False
2668,-1,3,False
2669,-1,31,False
2670,-1,19,True
2671,-1,10,False
2672,-1,18,False
2673,-1,26,False
2674,-1,1,False
2675,-1,2,False
2676,-1,12,False
2677,-1,23,False
2678,-1,27,False
2679,-1,36,False
2680,-1,15,False
2681,-1,22,True
2682,-1,39,False
2683,-1,13,True
2684,-1,31,False
2685,-1,4,False
2686,-1,23,False
2687,-1,24,False
2688,-1,18,False
2689,-1,22,True
2690,-1,8,False
2691,-1,22,True
2692,-1,31,False
2693,-1,28,False
2694,-1,20,False
2695,-1,11,False
2696,-1,35,False
2697,-1,15,False
2698,-1,16,False
2699,-1,34,False
2700,-1,37,False
2701,-1,11,False
2702,-1,27,False
2703,-1,3,False
2704,-1,32,False
2705,-1,37,False
2706,-1,4,False
2707,-1,8,False
2708,-1,8,False
2709,-1,13,True
2710,-1,26,False
2711,-1,17,False
2712,-1,22,True
2713,-1,9,False
2714,-1,23,False
2715,-1,22,True
2716,-1,13,True
2717,-1,27,False
2718,-1,23,False
2719,-1,3,False
2720,-1,39,False
2721,-1,6,False
2722,-1,39,False
2723,-1,38,False
2724,-1,9,False
2725,-1,29,True
2726,-1,5,True
2727,-1,8,False
2728,-1,30,False
2729,-1,8,False
2730,-1,2,False
2731,-1,8,False
2732,-1,6,False
2733,-1,7,False
2734,-1,18,False
2735,-1,10,False
2736,-1,33,False
2737,-1,34,False
2738,-1,22,True
2739,-1,33,False
2740,-1,9,False
2741,-1,25,False
2742,-1,15,False
2743,-1,23,False
2744,-1,29,True
2745,-1,14,False
2746,-1,37,False
2747,-1,33,False
2748,-1,1,False
2749,-1,23,False
2750,-1,22,True
2751,-1,36,False
2752,-1,29,True
2753,-1,1,False
2754,-1,7,False
2755,-1,18,False
2756,-1,36,False
2757,-1,16,False
2758,-1,39,False
2759,-1,4,False
2760,-1,3,False
2761,-1,5,True
2762,-1,35,False
2763,-1,6,False
2764,-1,3,False
2765,-1,6,False
2766,-1,7,False
2767,-1,34,False
2768,-1,19,True
2769,-1,13,True
2770,-1,29,True
2771,-1,10,False
2772,-1,32,False
2773,-1,21,True
2774,-1,19,True
2775,-1,36,False
2776,-1,0,False
2777,-1,18,False
2778,-1,29,True
2779,-1,34,False
2780,-1,29,True
2781,-1,2,False
2782,-1,15,False
2783,-1,27,False
2784,-1,16,False
2785,-1,31,False
2786,-1,11,False
2787,-1,27,False
2788,-1,0,False
2789,-1,17,False
2790,-1,6,False
2791,-1,35,False
2792,-1,34,False
2793,-1,10,False
2794,-1,13,True
2795,-1,39,False
2796,-1,23,False
2797,-1,15,False
2798,-1,23,False
2799,-1,3,False
2800,-1,0,False
2801,-1,36,False
2802,-1,6,False
2803,-1,30,False
2804,-1,33,False
2805,-1,35,False
2806,-1,0,False
2807,-1,31,False
2808,-1,12,False
2809,-1,12,False
2810,-1,12,False
2811,-1,24,False
2812,-1,36,False
2813,-1,32,False
2814,-1,2,False
2815,-1,9,False
2816,-1,13,True
2817,-1,37,False
2818,-1,29,True
2819,-1,26,False
2820,-1,19,True
2821,-1,12,False
2822,-1,22,True
2823,-1,25,False
2824,-1,29,True
2825,-1,33,False
2826,-1,19,True
2827,-1,37,False
2828,-1,32,False
2829,-1,16,False
2830,-1,24,False
2831,-1,2,False
2832,-1,26,False
2833,-1,19,True
2834,-1,39,False
2835,-1,34,False
2836,-1,6,False
2837,-1,37,False
2838,-1,28,False
2839,-1,28,False
2840,-1,24,False
2841,-1,21,True
2842,-1,30,False
2843,-1,4,False
2844,-1,15,False
2845,-1,35,False
2846,-1,38,False
2847,-1,17,False
2848,-1,13,True
2849,-1,38,False
2850,-1,9,False
2851,-1,23,False
2852,-1,8,False
2853,-1,25,False
2854,-1,31,False
2855,-1,25,False
2856,-1,32,False
2857,-1,7,False
2858,-1,39,False
2859,-1,36,False
2860,-1,19,True
2861,-1,28,False
2862,-1,23,False
2863,-1,14,False
2864,-1,23,False
2865,-1,27,False
2866,-1,27,False
2867,-1,32,False
2868,-1,11,False
2869,-1,26,False
2870,-1,1,False
2871,-1,26,False
2872,-1,19,True
2873,-1,31,False
2874,-1,1,False
2875,-1,22,True
2876,-1,20,False
2877,-1,34,False
2878,-1,12,False
2879,-1,28,False
2880,-1,28,False
2881,-1,29,True
2882,-1,5,True
2883,-1,22,True
2884,-1,39,False
2885,-1,22,True
2886,-1,9,False
2887,-1,21,True
2888,-1,39,False
2889,-1,39,False
2890,-1,33,False
2891,-1,7,False
2892,-1,21,True
2893,-1,19,True
2894,-1,18,False
2895,-1,19,True
2896,-1,37,False
2897,-1,36,False
2898,-1,12,False
2899,-1,35,False
2900,-1,11,False
2901,-1,39,False
2902,-1,0,False
2903,-1,17,False
2904,-1,39,False
2905,-1,21,True
2906,-1,34,False
2907,-1,30,False
2908,-1,20,False
2909,-1,14,False
2910,-1,34,False
2911,-1,5,True
2912,-1,22,True
2913,-1,5,True
2914,-1,6,False
2915,-1,22,True
2916,-1,22,True
2917,-1,31,False
2918,-1,21,True
2919,-1,37,False
2920,-1,31,False
2921,-1,38,False
2922,-1,33,False
2923,-1,23,False
2924,-1,9,False
2925,-1,29,True
2926,-1,28,False
2927,-1,38,False
2928,-1,23,False
2929,-1,3,False
2930,-1,24,False
2931,-1,25,False
2932,-1,18,False
2933,-1,21,True
2934,-1,29,True
2935,-1,35,False
2936,-1,33,False
2937,-1,12,False
2938,-1,24,False
2939,-1,15,False
2940,-1,12,False
2941,-1,29,True
2942,-1,27,False
2943,-1,2,False
2944,-1,34,False
2945,-1,24,False
2946,-1,36,False
2947,-1,3,False
2948,-1,29,True
2949,-1,5,True
2950,-1,10,False
2951,-1,10,False
2952,-1,4,False
2953,-1,1,False
2954,-1,29,True
2955,-1,29,True
2956,-1,7,False
2957,-1,11,False
2958,-1,30,False
2959,-1,12,False
2960,-1,12,False
2961,-1,21,True
2962,-1,3,False
2963,-1,19,True
2964,-1,37,False
2965,-1,6,False
2966,-1,7,False
2967,-1,6,False
2968,-1,38,False
2969,-1,27,False
2970,-1,12,False
2971,-1,24,False
2972,-1,4,False
2973,-1,10,False
2974,-1,22,True
2975,-1,14,False
2976,-1,15,False
2977,-1,6,False
2978,-1,28,False
2979,-1,2,False
2980,-1,14,False
2981,-1,9,False
2982,-1,14,False
2983,-1,24,False
2984,-1,36,False
2985,-1,6,False
2986,-1,16,False
2987,-1,11,False
2988,-1,11,False
2989,-1,20,False
2990,-1,33,False
2991,-1,36,False
2992,-1,2,False
2993,-1,27,False
2994,-1,17,False
2995,-1,21,True
2996,-1,19,True
2997,-1,13,True
2998,-1,23,False
2999,-1,12,False
3000,-1,23,False
3001,-1,29,True
3002,-1,22,True
3003,-1,18,False
3004,-1,20,False
3005,-1,11,False
3006,-1,13,True
3007,-1,20,False
3008,-1,21,True
3009,-1,13,True
3010,-1,5,True
3011,-1,14,False
3012,-1,35,False
3013,-1,37,False
3014,-1,31,False
3015,-1,1,False
3016,-1,22,True
3017,-1,12,False
3018,-1,12,False
3019,-1,31,False
3020,-1,8,False
3021,-1,34,False
3022,-1,38,False
3023,-1,6,False
3024,-1,18,False
3025,-1,14,False
3026,-1,32,False
3027,-1,29,True
3028,-1,13,True
3029,-1,37,False
3030,-1,21,True
3031,-1,12,False
3032,-1,30,False
3033,-1,2,False
3034,-1,8,False
3035,-1,29,True
3036,-1,14,False
3037,-1,34,False
3038,-1,19,True
3039,-1,35,False
3040,-1,26,False
3041,-1,22,True
3042,-1,32,False
3043,-1,26,False
3044,-1,31,False
3045,-1,6,False
3046,-1,31,False
3047,-1,14,False
3048,-1,39,False
3049,-1,21,True
3050,-1,33,False
3051,-1,24,False
3052,-1,18,False
3053,-1,34,False
3054,-1,25,False
3055,-1,35,False
3056,-1,3,False
3057,-1,23,False
3058,-1,21,True
3059,-1,38,False
3060,-1,8,False
3061,-1,11,False
3062,-1,30,False
3063,-1,10,False
3064,-1,25,False
3065,-1,36,False
3066,-1,7,False
3067,-1,12,False
3068,-1,26,False
3069,-1,9,False
3070,-1,32,False
3071,-1,30,False
3072,-1,33,False
3073,-1,23,False
3074,-1,7,False
3075,-1,11,False
3076,-1,33,False
3077,-1,12,False
3078,-1,9,False
3079,-1,19,True
3080,-1,29,True
3081,-1,4,False
3082,-1,26,False
3083,-1,22,True
3084,-1,26,False
3085,-1,4,False
3086,-1,2,False
3087,-1,18,False
3088,-1,10,False
3089,-1,39,False
3090,-1,14,False
3091,-1,37,False
3092,-1,6,False
3093,-1,39,False
3094,-1,20,False
3095,-1,5,True
3096,-1,3,False
3097,-1,24,False
3098,-1,39,False
3099,-1,9,False
3100,-1,13,True
3101,-1,8,False
3102,-1,8,False
3103,-1,28,False
3104,-1,33,False
3105,-1,5,True
3106,-1,31,False
3107,-1,16,False
3108,-1,34,False
3109,-1,23,False
3110,-1,35,False
3111,-1,5,True
3112,-1,28,False
3113,-1,28,False
3114,-1,22,True
3115,-1,23,False
3116,-1,24,False
3117,-1,11,False
3118,-1,37,False
3119,-1,24,False
3120,-1,30,False
3121,-1,26,False
3122,-1,29,True
3123,-1,24,False
3124,-1,9,False
3125,-1,15,False
3126,-1,39,False
3127,-1,10,False
3128,-1,14,False
3129,-1,39,False
3130,-1,22,True
3131,-1,10,False
3132,-1,31,False
3133,-1,39,False
3134,-1,38,False
3135,-1,18,False
3136,-1,32,False
3137,-1,11,False
3138,-1,20,False
3139,-1,2,False
3140,-1,13,True
3141,-1,24,False
3142,-1,37,False
3143,-1,20,False
3144,-1,26,False
3145,-1,7,False
3146,-1,20,False
3147,-1,10,False
3148,-1,1,False
3149,-1,25,False
3150,-1,4,False
3151,-1,21,True
3152,-1,36,False
3153,-1,8,False
3154,-1,10,False
3155,-1,36,False
3156,-1,7,False
3157,-1,13,True
3158,-1,36,False
3159,-1,14,False
3160,-1,36,False
3161,-1,37,False
3162,-1,38,False
3163,-1,9,False
3164,-1,25,False
3165,-1,38,False
3166,-1,35,False
3167,-1,24,False
3168,-1,7,False
3169,-1,5,True
3170,-1,29,True
3171,-1,24,False
3172,-1,29,True
3173,-1,8,False
3174,-1,6,False
3175,-1,14,False
3176,-1,22,True
3177,-1,13,True
3178,-1,27,False
3179,-1,15,False
3180,-1,34,False
3181,-1,33,False
3182,-1,14,False
3183,-1,5,True
3184,-1,22,True
3185,-1,5,True
3186,-1,1,False
3187,-1,4,False
3188,-1,21,True
3189,-1,10,False
3190,-1,1,False
3191,-1,35,False
3192,-1,28,False
3193,-1,35,False
3194,-1,19,True
3195,-1,23,False
3196,-1,20,False
3197,-1,30,False
3198,-1,32,False
3199,-1,23,False
3200,-1,23,False
3201,-1,7,False
3202,-1,21,True
3203,-1,8,False
3204,-1,7,False
3205,-1,31,False
3206,-1,34,False
3207,-1,17,False
3208,-1,2,False
3209,-1,38,False
3210,-1,2,False
3211,-1,17,False
3212,-1,15,False
3213,-1,23,False
3214,-1,18,False
3215,-1,0,False
3216,-1,24,False
3217,-1,3,False
3218,-1,18,False
3219,-1,30,False
3220,-1,2,False
3221,-1,2,False
3222,-1,8,False
3223,-1,30,False
3224,-1,19,True
3225,-1,14,False
3226,-1,27,False
3227,-1,15,False
3228,-1,21,True
3229,-1,25,False
3230,-1,35,False
3231,-1,23,False
3232,-1,3,False
3233,-1,15,False
3234,-1,0,False
3235,-1,8,False
3236,-1,22,True
3237,-1,8,False
3238,-1,28,False
3239,-1,36,False
3240,-1,24,False
3241,-1,16,False
3242,-1,22,True
3243,-1,19,True
3244,-1,15,False
3245,-1,15,False
3246,-1,7,False
3247,-1,4,False
3248,-1,37,False
3249,-1,29,True
3250,-1,30,False
3251,-1,6,False
3252,-1,10,False
3253,-1,21,True
3254,-1,29,True
3255,-1,1,False
3256,-1,10,False
3257,-1,21,True
3258,-1,38,False
3259,-1,29,True
3260,-1,6,False
3261,-1,10,False
3262,-1,13,True
3263,-1,17,False
3264,-1,0,False
3265,-1,39,False
3266,-1,19,True
3267,-1,28,False
3268,-1,20,False
3269,-1,17,False
3270,-1,5,True
3271,-1,7,False
3272,-1,21,True
3273,-1,34,False
3274,-1,14,False
3275,-1,34,False
3276,-1,0,False
3277,-1,29,True
3278,-1,10,False
3279,-1,22,True
3280,-1,5,True
3281,-1,9,False
3282,-1,35,False
3283,-1,37,False
3284,-1,7,False
3285,-1,1,False
3286,-1,1,False
3287,-1,31,False
3288,-1,9,False
3289,-1,27,False
3290,-1,12,False
3291,-1,6,False
3292,-1,22,True
3293,-1,32,False
3294,-1,29,True
3295,-1,19,True
3296,-1,30,False
3297,-1,10,False
3298,-1,31,False
3299,-1,33,False
3300,-1,38,False
3301,-1,11,False
3302,-1,22,True
3303,-1,30,False
3304,-1,36,False
3305,-1,1,False
3306,-1,25,False
3307,-1,12,False
3308,-1,11,False
3309,-1,38,False
3310,-1,28,False
3311,-1,36,False
3312,-1,17,False
3313,-1,10,False
3314,-1,14,False
3315,-1,18,False
3316,-1,31,False
3317,-1,30,False
3318,-1,33,False
3319,-1,1,False
3320,-1,32,False
3321,-1,37,False
3322,-1,28,False
3323,-1,34,False
3324,-1,31,False
3325,-1,23,False
3326,-1,25,False
3327,-1,34,False
3328,-1,20,False
3329,-1,15,False
3330,-1,8,False
3331,-1,2,False
3332,-1,2,False
3333,-1,7,False
3334,-1,33,False
3335,-1,33,False
3336,-1,34,False
3337,-1,6,False
3338,-1,34,False
3339,-1,17,False
3340,-1,1,False
3341,-1,12,False
3342,-1,6,False
3343,-1,38,False
3344,-1,32,False
3345,-1,13,True
3346,-1,2,False
3347,-1,4,False
3348,-1,0,False
3349,-1,21,True
3350,-1,36,False
3351,-1,3,False
3352,-1,24,False
3353,-1,10,False
3354,-1,13,True
3355,-1,39,False
3356,-1,13,True
3357,-1,23,False
3358,-1,3,False
3359,-1,36,False
3360,-1,31,False
3361,-1,0,False
3362,-1,14,False
3363,-1,17,False
3364,-1,14,False
3365,-1,38,False
3366,-1,6,False
3367,-1,13,True
3368,-1,22,True
3369,-1,17,False
3370,-1,34,False
3371,-1,11,False
3372,-1,32,False
3373,-1,29,True
3374,-1,30,False
3375,-1,39,False
3376,-1,27,False
3377,-1,32,False
3378,-1,28,False
3379,-1,15,False
3380,-1,24,False
3381,-1,22,True
3382,-1,28,False
3383,-1,34,False
3384,-1,15,False
3385,-1,12,False
3386,-1,21,True
3387,-1,23,False
3388,-1,12,False
3389,-1,1,False
3390,-1,36,False
3391,-1,34,False
3392,-1,33,False
3393,-1,15,False
3394,-1,28,False
3395,-1,2,False
3396,-1,15,False
3397,-1,39,False
3398,-1,21,True
3399,-1,29,True
3400,-1,28,False
3401,-1,15,False
3402,-1,24,False
3403,-1,0,False
3404,-1,14,False
3405,-1,3,False
3406,-1,32,False
3407,-1,24,False
3408,-1,28,False
3409,-1,7,False
3410,-1,15,False
3411,-1,23,False
3412,-1,18,False
3413,-1,2,False
3414,-1,3,False
3415,-1,2,False
3416,-1,32,False
3417,-1,1,False
3418,-1,37,False
3419,-1,19,True
3420,-1,32,False
3421,-1,16,False
3422,-1,11,False
3423,-1,5,True
3424,-1,24,False
3425,-1,21,True
3426,-1,3,False
3427,-1,8,False
3428,-1,25,False
3429,-1,18,False
3430,-1,13,True
3431,-1,3,False
3432,-1,20,False
3433,-1,15,False
3434,-1,24,False
3435,-1,18,False
3436,-1,12,False
3437,-1,23,False
3438,-1,11,False
3439,-1,36,False
3440,-1,23,False
3441,-1,9,False
3442,-1,0,False
3443,-1,7,False
3444,-1,16,False
3445,-1,24,False
3446,-1,2,False
3447,-1,16,False
3448,-1,31,False
3449,-1,34,False
3450,-1,16,False
3451,-1,17,False
3452,-1,21,True
3453,-1,18,False
3454,-1,5,True
3455,-1,3,False
3456,-1,27,False
3457,-1,16,False
3458,-1,3,False
3459,-1,28,False
3460,-1,25,False
3461,-1,9,False
3462,-1,11,False
3463,-1,1,False
3464,-1,23,False
3465,-1,26,False
3466,-1,12,False
3467,-1,21,True
3468,-1,31,False
3469,-1,20,False
3470,-1,38,False
3471,-1,16,False
3472,-1,37,False
3473,-1,7,False
3474,-1,1,False
3475,-1,32,False
3476,-1,16,False
3477,-1,28,False
3478,-1,28,False
3479,-1,24,False
3480,-1,2,False
3481,-1,30,False
3482,-1,25,False
3483,-1,6,False
3484,-1,34,False
3485,-1,36,False
3486,-1,21,True
3487,-1,20,False
3488,-1,14,False
3489,-1,32,False
3490,-1,23,False
3491,-1,30,False
3492,-1,20,False
3493,-1,11,False
3494,-1,13,True
3495,-1,2,False
3496,-1,23,False
3497,-1,31,False
3498,-1,33,False
3499,-1,18,False
3500,-1,37,False
3501,-1,17,False
3502,-1,12,False
3503,-1,29,True
3504,-1,36,False
3505,-1,18,False
3506,-1,39,False
3507,-1,39,False
3508,-1,15,False
3509,-1,2,False
3510,-1,19,True
3511,-1,10,False
3512,-1,1,False
3513,-1,13,True
3514,-1,23,False
3515,-1,32,False
3516,-1,6,False
3517,-1,13,True
3518,-1,16,False
3519,-1,19,True
3520,-1,35,False
3521,-1,28,False
3522,-1,9,False
3523,-1,10,False
3524,-1,2,False
3525,-1,12,False
3526,-1,13,True
3527,-1,4,False
3528,-1,28,False
3529,-1,11,False
3530,-1,22,True
3531,-1,37,False
3532,-1,32,False
3533,-1,15,False
3534,-1,4,False
3535,-1,16,False
3536,-1,30,False
3537,-1,26,False
3538,-1,20,False
3539,-1,31,False
3540,-1,3,False
3541,-1,4,False
3542,-1,37,False
3543,-1,2,False
3544,-1,15,False
3545,-1,35,False
3546,-1,10,False
3547,-1,36,False
3548,-1,20,False
3549,-1,5,True
3550,-1,31,False
3551,-1,15,False
3552,-1,35,False
3553,-1,22,True
3554,-1,11,False
3555,-1,0,False
3556,-1,19,True
3557,-1,26,False
3558,-1,19,True
3559,-1,0,False
3560,-1,18,False
3561,-1,6,False
3562,-1,15,False
3563,-1,38,False
3564,-1,5,True
3565,-1,29,True
3566,-1,17,False
3567,-1,9,False
3568,-1,28,False
3569,-1,25,False
3570,-1,37,False
3571,-1,17,False
3572,-1,12,False
3573,-1,25,False
3574,-1,39,False
3575,-1,11,False
3576,-1,11,False
3577,-1,14,False
3578,-1,27,False
3579,-1,7,False
3580,-1,19,True
3581,-1,35,False
3582,-1,32,False
3583,-1,23,False
3584,-1,0,False
3585,-1,24,False
3586,-1,26,False
3587,-1,9,False
3588,-1,14,False
3589,-1,1,False
3590,-1,13,True
3591,-1,31,False
3592,-1,35,False
3593,-1,17,False
3594,-1,38,False
3595,-1,9,False
3596,-1,8,False
3597,-1,13,True
3598,-1,9,False
3599,-1,39,False
3600,-1,29,True
3601,-1,36,False
3602,-1,6,False
3603,-1,14,False
3604,-1,28,False
3605,-1,15,False
3606,-1,15,False
3607,-1,11,False
3608,-1,0,False
3609,-1,8,False
3610,-1,16,False
3611,-1,17,False
3612,-1,33,False
3613,-1,34,False
3614,-1,5,True
3615,-1,30,False
3616,-1,20,False
3617,-1,29,True
3618,-1,4,False
3619,-1,29,True
3620,-1,32,False
3621,-1,4,False
3622,-1,36,False
3623,-1,31,False
3624,-1,4,False
3625,-1,11,False
3626,-1,10,False
3627,-1,14,False
3628,-1,35,False
3629,-1,20,False
3630,-1,34,False
3631,-1,21,True
3632,-1,34,False
3633,-1,28,False
3634,-1,13,True
3635,-1,32,False
3636,-1,9,False
3637,-1,21,True
3638,-1,22,True
3639,-1,14,False
3640,-1,16,False
3641,-1,22,True
3642,-1,25,False
3643,-1,21,True
3644,-1,20,False
3645,-1,34,False
3646,-1,28,False
3647,-1,38,False
3648,-1,32,False
3649,-1,33,False
3650,-1,13,True
3651,-1,9,False
3652,-1,13,True
3653,-1,30,False
3654,-1,24,False
3655,-1,28,False
3656,-1,13,True
3657,-1,8,False
3658,-1,14,False
3659,-1,34,False
3660,-1,36,False
3661,-1,3,False
3662,-1,19,True
3663,-1,39,False
3664,-1,27,False
3665,-1,22,True
3666,-1,33,False
3667,-1,9,False
3668,-1,21,True
3669,-1,29,True
3670,-1,17,False
3671,-1,34,False
3672,-1,15,False
3673,-1,11,False
3674,-1,19,True
3675,-1,34,False
3676,-1,17,False
3677,-1,8,False
3678,-1,1,False
3679,-1,0,False
3680,-1,15,False
3681,-1,29,True
3682,-1,25,False
3683,-1,19,True
3684,-1,14,False
3685,-1,7,False
3686,-1,17,False
3687,-1,22,True
3688,-1,31,False
3689,-1,25,False
3690,-1,28,False
3691,-1,4,False
3692,-1,21,True
3693,-1,15,False
3694,-1,16,False
3695,-1,4,False
3696,-1,20,False
3697,-1,4,False
3698,-1,21,True
3699,-1,18,False
3700,-1,14,False
3701,-1,2,False
3702,-1,30,False
3703,-1,1,False
3704,-1,11,False
3705,-1,12,False
3706,-1,29,True
3707,-1,39,False
3708,-1,37,False
3709,-1,16,False
3710,-1,33,False
3711,-1,15,False
3712,-1,4,False
3713,-1,12,False
3714,-1,24,False
3715,-1,14,False
3716,-1,33,False
3717,-1,21,True
3718,-1,0,False
3719,-1,39,False
3720,-1,39,False
3721,-1,28,False
3722,-1,28,False
3723,-1,6,False
3724,-1,20,False
3725,-1,25,False
3726,-1,6,False
3727,-1,7,False
3728,-1,14,False
3729,-1,1,False
3730,-1,27,False
3731,-1,20,False
3732,-1,5,True
3733,-1,36,False
3734,-1,18,False
3735,-1,5,True
3736,-1,16,False
3737,-1,36,False
3738,-1,27,False
3739,-1,35,False
3740,-1,38,False
3741,-1,35,False
3742,-1,30,False
3743,-1,0,False
3744,-1,37,False
3745,-1,35,False
3746,-1,1,False
3747,-1,36,False
3748,-1,9,False
3749,-1,25,False
3750,-1,0,False
3751,-1,28,False
3752,-1,38,False
3753,-1,4,False
3754,-1,39,False
3755,-1,16,False
3756,-1,38,False
3757,-1,28,False
3758,-1,19,True
3759,-1,33,False
3760,-1,30,False
3761,-1,2,False
3762,-1,12,False
3763,-1,11,False
3764,-1,12,False
3765,-1,19,True
3766,-1,25,False
3767,-1,35,False
3768,-1,29,True
3769,-1,22,True
3770,-1,23,False
3771,-1,28,False
3772,-1,39,False
3773,-1,26,False
3774,-1,31,False
3775,-1,32,False
3776,-1,25,False
3777,-1,5,True
3778,-1,0,False
3779,-1,20,False
3780,-1,7,False
3781,-1,13,True
3782,-1,32,False
3783,-1,26,False
3784,-1,0,False
3785,-1,21,True
3786,-1,26,False
3787,-1,9,False
3788,-1,3,False
3789,-1,10,False
3790,-1,21,True
3791,-1,14,False
3792,-1,37,False
3793,-1,30,False
3794,-1,5,True
3795,-1,25,False
3796,-1,24,False
3797,-1,18,False
3798,-1,3,False
3799,-1,0,False
3800,-1,39,False
3801,-1,11,False
3802,-1,27,False
3803,-1,7,False
3804,-1,32,False
3805,-1,20,False
3806,-1,37,False
3807,-1,12,False
3808,-1,15,False
3809,-1,6,False
3810,-1,3,False
3811,-1,15,False
3812,-1,31,False
3813,-1,28,False
3814,-1,38,False
3815,-1,34,False
3816,-1,20,False
3817,-1,29,True
3818,-1,19,True
3819,-1,15,False
3820,-1,7,False
3821,-1,0,False
3822,-1,24,False
3823,-1,7,False
3824,-1,0,False
3825,-1,6,False
3826,-1,26,False
3827,-1,22,True
3828,-1,7,False
3829,-1,36,False
3830,-1,21,True
3831,-1,4,False
3832,-1,22,True
3833,-1,10,False
3834,-1,18,False
3835,-1,17,False
3836,-1,35,False
3837,-1,14,False
3838,-1,12,False
3839,-1,17,False
3840,-1,27,False
3841,-1,28,False
3842,-1,26,False
3843,-1,30,False
3844,-1,1,False
3845,-1,9,False
3846,-1,11,False
3847,-1,4,False
3848,-1,25,False
3849,-1,8,False
3850,-1,29,True
3851,-1,19,True
3852,-1,12,False
3853,-1,12,False
3854,-1,16,False
3855,-1,18,False
3856,-1,37,False
3857,-1,36,False
3858,-1,22,True
3859,-1,16,False
3860,-1,34,False
3861,-1,11,False
3862,-1,17,False
3863,-1,4,False
3864,-1,35,False
3865,-1,5,True
3866,-1,35,False
3867,-1,26,False
3868,-1,21,True
3869,-1,33,False
3870,-1,10,False
3871,-1,8,False
3872,-1,18,False
3873,-1,15,False
3874,-1,33,False
3875,-1,9,False
3876,-1,6,False
3877,-1,17,False
3878,-1,13,True
3879,-1,11,False
3880,-1,11,False
3881,-1,36,False
3882,-1,28,False
3883,-1,38,False
3884,-1,23,False
3885,-1,5,True
3886,-1,24,False
3887,-1,23,False
3888,-1,17,False
3889,-1,12,False
3890,-1,0,False
3891,-1,23,False
3892,-1,26,False
3893,-1,15,False
3894,-1,36,False
3895,-1,3,False
3896,-1,37,False
3897,-1,21,True
3898,-1,39,False
3899,-1,27,False
3900,-1,31,False
3901,-1,9,False
3902,-1,0,False
3903,-1,23,False
3904,-1,21,True
3905,-1,21,True
3906,-1,13,True
3907,-1,34,False
3908,-1,1,False
3909,-1,3,False
3910,-1,29,True
3911,-1,33,False
3912,-1,22,True
3913,-1,26,False
3914,-1,12,False
3915,-1,27,False
3916,-1,18,False
3917,-1,34,False
3918,-1,1,False
3919,-1,29,True
3920,-1,15,False
3921,-1,31,False
3922,-1,14,False
3923,-1,20,False
3924,-1,30,False
3925,-1,22,True
3926,-1,35,False
3927,-1,36,False
3928,-1,3,False
3929,-1,36,False
3930,-1,7,False
3931,-1,11,False
3932,-1,25,False
3933,-1,10,False
3934,-1,25,False
3935,-1,38,False
3936,-1,26,False
3937,-1,13,True
3938,-1,9,False
3939,-1,20,False
3940,-1,18,False
3941,-1,32,False
3942,-1,15,False
3943,-1,37,False
3944,-1,29,True
3945,-1,5,True
3946,-1,24,False
3947,-1,38,False
3948,-1,26,False
3949,-1,18,False
3950,-1,9,False
3951,-1,17,False
3952,-1,24,False
3953,-1,6,False
3954,-1,15,False
3955,-1,21,True
3956,-1,18,False
3957,-1,3,False
3958,-1,1,False
3959,-1,37,False
3960,-1,4,False
3961,-1,10,False
3962,-1,13,True
3963,-1,33,False
3964,-1,31,False
3965,-1,37,False
3966,-1,15,False
3967,-1,29,True
3968,-1,15,False
3969,-1,12,False
3970,-1,12,False
3971,-1,29,True
3972,-1,33,False
3973,-1,3,False
3974,-1,16,False
3975,-1,9,False
3976,-1,23,False
3977,-1,8,False
3978,-1,2,False
3979,-1,13,True
3980,-1,17,False
3981,-1,21,True
3982,-1,39,False
3983,-1,27,False
3984,-1,29,True
3985,-1,37,False
3986,-1,8,False
3987,-1,12,False
3988,-1,39,False
3989,-1,15,False
3990,-1,36,False
3991,-1,0,False
3992,-1,17,False
3993,-1,12,False
3994,-1,33,False
3995,-1,3,False
3996,-1,13,True
3997,-1,31,False
3998,-1,18,False
3999,-1,32,False
4000,-1,10,False
4001,-1,10,False
4002,-1,32,False
4003,-1,24,False
4004,-1,24,False
4005,-1,14,False
4006,-1,8,False
4007,-1,18,False
4008,-1,26,False
4009,-1,11,False
4010,-1,2,False
4011,-1,22,True
4012,-1,22,True
4013,-1,2,False
4014,-1,21,True
4015,-1,4,False
4016,-1,22,True
4017,-1,9,False
4018,-1,4,False
4019,-1,32,False
4020,-1,12,False
4021,-1,28,False
4022,-1,14,False
4023,-1,35,False
4024,-1,31,False
4025,-1,35,False
4026,-1,32,False
4027,-1,1,False
4028,-1,31,False
4029,-1,4,False
4030,-1,9,False
4031,-1,14,False
4032,-1,29,True
4033,-1,8,False
4034,-1,17,False
4035,-1,4,False
4036,-1,2,False
4037,-1,18,False
4038,-1,5,True
4039,-1,12,False
4040,-1,21,True
4041,-1,28,False
4042,-1,17,False
4043,-1,16,False
4044,-1,23,False
4045,-1,8,False
4046,-1,32,False
4047,-1,24,False
4048,-1,18,False
4049,-1,19,True
4050,-1,35,False
4051,-1,33,False
4052,-1,32,False
4053,-1,1,False
4054,-1,29,True
4055,-1,18,False
4056,-1,12,False
4057,-1,27,False
4058,-1,38,False
4059,-1,4,False
4060,-1,8,False
4061,-1,15,False
4062,-1,35,False
4063,-1,10,False
4064,-1,26,False
4065,-1,30,False
4066,-1,10,False
4067,-1,32,False
4068,-1,15,False
4069,-1,34,False
4070,-1,14,False
4071,-1,38,False
4072,-1,6,False
4073,-1,36,False
4074,-1,33,False
4075,-1,23,False
4076,-1,35,False
4077,-1,38,False
4078,-1,23,False
4079,-1,5,True
4080,-1,24,False
4081,-1,18,False
4082,-1,22,True
4083,-1,36,False
4084,-1,26,False
4085,-1,26,False
4086,-1,22,True
4087,-1,0,False
4088,-1,6,False
4089,-1,22,True
4090,-1,10,False
4091,-1,34,False
4092,-1,29,True
4093,-1,29,True
4094,-1,27,False
4095,-1,9,False
4096,-1,19,True
4097,-1,2,False
4098,-1,19,True
4099,-1,34,False
4100,-1,9,False
4101,-1,13,True
4102,-1,8,False
4103,-1,12,False
4104,-1,37,False
4105,-1,30,False
4106,-1,26,False
4107,-1,18,False
4108,-1,4,False
4109,-1,26,False
4110,-1,32,False
4111,-1,27,False
4112,-1,16,False
4113,-1,26,False
4114,-1,13,True
4115,-1,14,False
4116,-1,17,False
4117,-1,18,False
4118,-1,26,False
4119,-1,21,True
4120,-1,3,False
4121,-1,23,False
4122,-1,34,False
4123,-1,5,True
4124,-1,4,False
4125,-1,17,False
4126,-1,26,False
4127,-1,0,False
4128,-1,22,True
4129,-1,5,True
4130,-1,34,False
4131,-1,3,False
4132,-1,27,False
4133,-1,36,False
4134,-1,36,False
4135,-1,34,False
4136,-1,24,False
4137,-1,23,False
4138,-1,13,True
4139,-1,6,False
4140,-1,16,False
4141,-1,18,False
4142,-1,30,False
4143,-1,23,False
4144,-1,28,False
4145,-1,30,False
4146,-1,27,False
4147,-1,15,False
4148,-1,16,False
4149,-1,15,False
4150,-1,21,True
4151,-1,2,False
4152,-1,30,False
4153,-1,29,True
4154,-1,20,False
4155,-1,1,False
4156,-1,38,False
4157,-1,2,False
4158,-1,18,False
4159,-1,16,False
4160,-1,24,False
4161,-1,36,False
4162,-1,12,False
4163,-1,34,False
4164,-1,19,True
4165,-1,27,False
4166,-1,24,False
4167,-1,7,False
4168,-1,0,False
4169,-1,20,False
4170,-1,27,False
4171,-1,4,False
4172,-1,31,False
4173,-1,37,False
4174,-1,13,True
4175,-1,23,False
4176,-1,36,False
4177,-1,38,False
4178,-1,22,True
4179,-1,1,False
4180,-1,11,False
4181,-1,37,False
4182,-1,24,False
4183,-1,18,False
4184,-1,39,False
4185,-1,12,False
4186,-1,15,False
4187,-1,25,False
4188,-1,19,True
4189,-1,4,False
4190,-1,14,False
4191,-1,25,False
4192,-1,22,True
4193,-1,36,False
4194,-1,23,False
4195,-1,7,False
4196,-1,11,False
4197,-1,23,False
4198,-1,10,False
4199,-1,32,False
4200,-1,20,False
4201,-1,39,False
4202,-1,30,False
4203,-1,3,False
4204,-1,23,False
4205,-1,34,False
4206,-1,28,False
4207,-1,32,False
4208,-1,1,False
4209,-1,10,False
4210,-1,29,True
4211,-1,4,False
4212,-1,28,False
4213,-1,28,False
4214,-1,21,True
4215,-1,0,False
4216,-1,6,False
4217,-1,30,False
4218,-1,39,False
4219,-1,23,False
4220,-1,26,False
4221,-1,19,True
4222,-1,32,False
4223,-1,22,True
4224,-1,2,False
4225,-1,21,True
4226,-1,35,False
4227,-1,36,False
4228,-1,38,False
4229,-1,5,True
4230,-1,8,False
4231,-1,2,False
4232,-1,9,False
4233,-1,32,False
4234,-1,28,False
4235,-1,4,False
4236,-1,3,False
4237,-1,9,False
4238,-1,7,False
4239,-1,39,False
4240,-1,15,False
4241,-1,26,False
4242,-1,10,False
4243,-1,8,False
4244,-1,8,False
4245,-1,39,False
4246,-1,21,True
4247,-1,7,False
4248,-1,29,True
4249,-1,25,False
4250,-1,14,False
4251,-1,1,False
4252,-1,16,False
4253,-1,6,False
4254,-1,7,False
4255,-1,39,False
4256,-1,0,False
4257,-1,8,False
4258,-1,5,True
4259,-1,14,False
4260,-1,21,True
4261,-1,25,False
4262,-1,31,False
4263,-1,25,False
4264,-1,30,False
4265,-1,4,False
4266,-1,23,False
4267,-1,20,False
4268,-1,34,False
4269,-1,39,False
4270,-1,1,False
4271,-1,37,False
4272,-1,22,True
4273,-1,0,False
4274,-1,38,False
4275,-1,34,False
4276,-1,27,False
4277,-1,12,False
4278,-1,34,False
4279,-1,1,False
4280,-1,16,False
4281,-1,35,False
4282,-1,0,False
4283,-1,20,False
4284,-1,19,True
4285,-1,17,False
4286,-1,16,False
4287,-1,2,False
4288,-1,25,False
4289,-1,35,False
4290,-1,12,False
4291,-1,2,False
4292,-1,33,False
4293,-1,7,False
4294,-1,35,False
4295,-1,34,False
4296,-1,36,False
4297,-1,1,False
4298,-1,19,True
4299,-1,3,False
4300,-1,15,False
4301,-1,4,False
4302,-1,6,False
4303,-1,7,False
4304,-1,21,True
4305,-1,17,False
4306,-1,2,False
4307,-1,31,False
4308,-1,16,False
4309,-1,20,False
4310,-1,27,False
4311,-1,24,False
4312,-1,26,False
4313,-1,26,False
4314,-1,0,False
4315,-1,38,False
4316,-1,3,False
4317,-1,35,False
4318,-1,28,False
4319,-1,20,False
4320,-1,25,False
4321,-1,11,False
4322,-1,8,False
4323,-1,36,False
4324,-1,28,False
4325,-1,6,False
4326,-1,13,True
4327,-1,4,False
4328,-1,0,False
4329,-1,31,False
4330,-1,30,False
4331,-1,7,False
4332,-1,4,False
4333,-1,11,False
4334,-1,10,False
4335,-1,22,True
4336,-1,19,True
4337,-1,31,False
4338,-1,33,False
4339,-1,38,False
4340,-1,37,False
4341,-1,32,False
4342,-1,8,False
4343,-1,0,False
4344,-1,29,True
4345,-1,23,False
4346,-1,13,True
4347,-1,23,False
4348,-1,21,True
4349,-1,32,False
4350,-1,3,False
4351,-1,19,True
4352,-1,7,False
4353,-1,5,True
4354,-1,27,False
4355,-1,5,True
4356,-1,21,True
4357,-1,28,False
4358,-1,29,True
4359,-1,23,False
4360,-1,28,False
4361,-1,6,False
4362,-1,13,True
4363,-1,37,False
4364,-1,7,False
4365,-1,39,False
4366,-1,12,False
4367,-1,28,False
4368,-1,39,False
4369,-1,30,False
4370,-1,1,False
4371,-1,14,False
4372,-1,21,True
4373,-1,9,False
4374,-1,34,False
4375,-1,39,False
4376,-1,17,False
4377,-1,32,False
4378,-1,25,False
4379,-1,12,False
4380,-1,16,False
4381,-1,10,False
4382,-1,16,False
4383,-1,20,False
4384,-1,3,False
4385,-1,25,False
4386,-1,37,False
4387,-1,9,False
4388,-1,15,False
4389,-1,23,False
4390,-1,38,False
4391,-1,14,False
4392,-1,0,False
4393,-1,22,True
4394,-1,37,False
4395,-1,26,False
4396,-1,21,True
4397,-1,2,False
4398,-1,32,False
4399,-1,1,False
4400,-1,5,True
4401,-1,32,False
4402,-1,0,False
4403,-1,1,False
4404,-1,8,False
4405,-1,16,False
4406,-1,3,False
4407,-1,31,False
4408,-1,33,False
4409,-1,29,True
4410,-1,20,False
4411,-1,19,True
4412,-1,1,False
4413,-1,37,False
4414,-1,27,False
4415,-1,17,False
4416,-1,14,False
4417,-1,36,False
4418,-1,12,False
4419,-1,26,False
4420,-1,25,False
4421,-1,11,False
4422,-1,19,True
4423,-1,24,False
4424,-1,32,False
4425,-1,30,False
4426,-1,21,True
4427,-1,33,False
4428,-1,16,False
4429,-1,36,False
4430,-1,12,False
4431,-1,24,False
4432,-1,12,False
4433,-1,27,False
4434,-1,5,True
4435,-1,4,False
4436,-1,4,False
4437,-1,12,False
4438,-1,4,False
4439,-1,31,False
4440,-1,34,False
4441,-1,9,False
4442,-1,24,False
4443,-1,11,False
4444,-1,36,False
4445,-1,24,False
4446,-1,36,False
4447,-1,27,False
4448,-1,20,False
4449,-1,9,False
4450,-1,11,False
4451,-1,31,False
4452,-1,26,False
4453,-1,1,False
4454,-1,1,False
4455,-1,31,False
4456,-1,26,False
4457,-1,17,False
4458,-1,2,False
4459,-1,29,True
4460,-1,3,False
4461,-1,26,False
4462,-1,19,True
4463,-1,7,False
4464,-1,8,False
4465,-1,16,False
4466,-1,10,False
4467,-1,27,False
4468,-1,38,False
4469,-1,34,False
4470,-1,13,True
4471,-1,30,False
4472,-1,31,False
4473,-1,24,False
4474,-1,14,False
4475,-1,37,False
4476,-1,29,True
4477,-1,28,False
4478,-1,3,False
4479,-1,8,False
4480,-1,1,False
4481,-1,4,False
4482,-1,10,False
4483,-1,16,False
4484,-1,34,False
4485,-1,5,True
4486,-1,16,False
4487,-1,9,False
4488,-1,36,False
4489,-1,12,False
4490,-1,13,True
4491,-1,14,False
4492,-1,21,True
4493,-1,24,False
4494,-1,29,True
4495,-1,34,False
4496,-1,8,False
4497,-1,2,False
4498,-1,33,False
4499,-1,20,False
4500,-1,5,True
4501,-1,33,False
4502,-1,23,False
4503,-1,26,False
4504,-1,4,False
4505,-1,23,False
4506,-1,20,False
4507,-1,39,False
4508,-1,31,False
4509,-1,35,False
4510,-1,20,False
4511,-1,15,False
4512,-1,9,False
4513,-1,3,False
4514,-1,24,False
4515,-1,18,False
4516,-1,7,False
4517,-1,17,False
4518,-1,3,False
4519,-1,28,False
4520,-1,12,False
4521,-1,17,False
4522,-1,9,False
4523,-1,16,False
4524,-1,7,False
4525,-1,18,False
4526,-1,37,False
4527,-1,12,False
4528,-1,13,True
4529,-1,29,True
4530,-1,23,False
4531,-1,6,False
4532,-1,13,True
4533,-1,24,False
4534,-1,33,False
4535,-1,16,False
4536,-1,19,True
4537,-1,6,False
4538,-1,33,False
4539,-1,16,False
4540,-1,7,False
4541,-1,0,False
4542,-1,13,True
4543,-1,18,False
4544,-1,21,True
4545,-1,12,False
4546,-1,34,False
4547,-1,5,True
4548,-1,8,False
4549,-1,12,False
4550,-1,2,False
4551,-1,27,False
4552,-1,21,True
4553,-1,27,False
4554,-1,5,True
4555,-1,12,False
4556,-1,24,False
4557,-1,35,False
4558,-1,20,False
4559,-1,0,False
4560,-1,32,False
4561,-1,11,False
4562,-1,19,True
4563,-1,6,False
4564,-1,17,False
4565,-1,35,False
4566,-1,14,False
4567,-1,17,False
4568,-1,0,False
4569,-1,12,False
4570,-1,12,False
4571,-1,10,False
4572,-1,2,False
4573,-1,16,False
4574,-1,4,False
4575,-1,29,True
4576,-1,1,False
4577,-1,29,True
4578,-1,33,False
4579,-1,22,True
4580,-1,22,True
4581,-1,22,True
4582,-1,9,False
4583,-1,19,True
4584,-1,2,False
4585,-1,29,True
4586,-1,0,False
4587,-1,16,False
4588,-1,24,False
4589,-1,23,False
4590,-1,31,False
4591,-1,9,False
4592,-1,15,False
4593,-1,17,False
4594,-1,23,False
4595,-1,12,False
4596,-1,26,False
4597,-1,17,False
4598,-1,1,False
4599,-1,22,True
4600,-1,16,False
4601,-1,13,True
4602,-1,34,False
4603,-1,24,False
4604,-1,5,True
4605,-1,10,False
4606,-1,26,False
4607,-1,22,True
4608,-1,33,False
4609,-1,9,False
4610,-1,39,False
4611,-1,1,False
4612,-1,7,False
4613,-1,27,False
4614,-1,3,False
4615,-1,9,False
4616,-1,5,True
4617,-1,24,False
4618,-1,36,False
4619,-1,20,False
4620,-1,11,False
4621,-1,4,False
4622,-1,20,False
4623,-1,35,False
4624,-1,33,False
4625,-1,18,False
4626,-1,9,False
4627,-1,12,False
4628,-1,11,False
4629,-1,28,False
4630,-1,25,False
4631,-1,14,False
4632,-1,9,False
4633,-1,21,True
4634,-1,32,False
4635,-1,34,False
4636,-1,8,False
4637,-1,5,True
4638,-1,16,False
4639,-1,12,False
4640,-1,33,False
4641,-1,10,False
4642,-1,19,True
4643,-1,27,False
4644,-1,31,False
4645,-1,1,False
4646,-1,38,False
4647,-1,0,False
4648,-1,38,False
4649,-1,22,True
4650,-1,36,False
4651,-1,16,False
4652,-1,4,False
4653,-1,15,False
4654,-1,26,False
4655,-1,6,False
4656,-1,19,True
4657,-1,31,False
4658,-1,15,False
4659,-1,12,False
4660,-1,36,False
4661,-1,9,False
4662,-1,15,False
4663,-1,0,False
4664,-1,26,False
4665,-1,36,False
4666,-1,36,False
4667,-1,5,True
4668,-1,26,False
4669,-1,2,False
4670,-1,19,True
4671,-1,4,False
4672,-1,12,False
4673,-1,16,False
4674,-1,21,True
4675,-1,6,False
4676,-1,36,False
4677,-1,0,False
4678,-1,30,False
4679,-1,17,False
4680,-1,26,False
4681,-1,3,False
4682,-1,38,False
4683,-1,27,False
4684,-1,26,False
4685,-1,37,False
4686,-1,11,False
4687,-1,11,False
4688,-1,16,False
4689,-1,9,False
4690,-1,8,False
4691,-1,18,False
4692,-1,13,True
4693,-1,13,True
4694,-1,35,False
4695,-1,26,False
4696,-1,8,False
4697,-1,19,True
4698,-1,21,True
4699,-1,19,True
4700,-1,36,False
4701,-1,31,False
4702,-1,32,False
4703,-1,16,False
4704,-1,27,False
4705,-1,26,False
4706,-1,23,False
4707,-1,14,False
4708,-1,28,False
4709,-1,21,True
4710,-1,33,False
4711,-1,26,False
4712,-1,0,False
4713,-1,8,False
4714,-1,10,False
4715,-1,12,False
4716,-1,38,False
4717,-1,13,True
4718,-1,31,False
4719,-1,22,True
4720,-1,22,True
4721,-1,27,False
4722,-1,5,True
4723,-1,4,False
4724,-1,23,False
4725,-1,15,False
4726,-1,20,False
4727,-1,0,False
4728,-1,1,False
4729,-1,31,False
4730,-1,38,False
4731,-1,38,False
4732,-1,36,False
4733,-1,17,False
4734,-1,20,False
4735,-1,25,False
4736,-1,19,True
4737,-1,16,False
4738,-1,13,True
4739,-1,9,False
4740,-1,11,False
4741,-1,39,False
4742,-1,5,True
4743,-1,29,True
4744,-1,13,True
4745,-1,37,False
4746,-1,23,False
4747,-1,7,False
4748,-1,6,False
4749,-1,6,False
4750,-1,36,False
4751,-1,9,False
4752,-1,7,False
4753,-1,10,False
4754,-1,38,False
4755,-1,14,False
4756,-1,7,False
4757,-1,17,False
4758,-1,27,False
4759,-1,1,False
4760,-1,25,False
4761,-1,1,False
4762,-1,32,False
4763,-1,32,False
4764,-1,14,False
4765,-1,31,False
4766,-1,30,False
4767,-1,14,False
4768,-1,20,False
4769,-1,27,False
4770,-1,3,False
4771,-1,20,False
4772,-1,13,True
4773,-1,30,False
4774,-1,39,False
4775,-1,20,False
4776,-1,24,False
4777,-1,11,False
4778,-1,33,False
4779,-1,3,False
4780,-1,7,False
4781,-1,5,True
4782,-1,39,False
4783,-1,18,False
4784,-1,32,False
4785,-1,6,False
4786,-1,25,False
4787,-1,34,False
4788,-1,10,False
4789,-1,5,True
4790,-1,31,False
4791,-1,19,True
4792,-1,8,False
4793,-1,22,True
4794,-1,5,True
4795,-1,11,False
4796,-1,4,False
4797,-1,4,False
4798,-1,24,False
4799,-1,9,False
4800,-1,31,False
4801,-1,0,False
4802,-1,11,False
4803,-1,14,False
4804,-1,11,False
4805,-1,28,False
4806,-1,31,False
4807,-1,18,False
4808,-1,1,False
4809,-1,8,False
4810,-1,37,False
4811,-1,9,False
4812,-1,24,False
4813,-1,9,False
4814,-1,5,True
4815,-1,15,False
4816,-1,18,False
4817,-1,10,False
4818,-1,18,False
4819,-1,18,False
4820,-1,18,False
4821,-1,24,False
4822,-1,31,False
4823,-1,31,False
4824,-1,18,False
4825,-1,33,False
4826,-1,19,True
4827,-1,20,False
4828,-1,4,False
4829,-1,8,False
4830,-1,37,False
4831,-1,37,False
4832,-1,8,False
4833,-1,10,False
4834,-1,29,True
4835,-1,33,False
4836,-1,26,False
4837,-1,0,False
4838,-1,38,False
4839,-1,12,False
4840,-1,27,False
4841,-1,34,False
4842,-1,19,True
4843,-1,29,True
4844,-1,15,False
4845,-1,26,False
4846,-1,12,False
4847,-1,37,False
4848,-1,0,False
4849,-1,27,False
4850,-1,35,False
4851,-1,35,False
4852,-1,39,False
4853,-1,32,False
4854,-1,26,False
4855,-1,19,True
4856,-1,29,True
4857,-1,14,False
4858,-1,30,False
4859,-1,25,False
4860,-1,3,False
4861,-1,2,False
4862,-1,14,False
4863,-1,21,True
4864,-1,24,False
4865,-1,31,False
4866,-1,39,False
4867,-1,21,True
4868,-1,11,False
4869,-1,15,False
4870,-1,9,False
4871,-1,32,False
4872,-1,9,False
4873,-1,32,False
4874,-1,28,False
4875,-1,4,False
4876,-1,16,False
4877,-1,20,False
4878,-1,18,False
4879,-1,19,True
4880,-1,8,False
4881,-1,34,False
4882,-1,4,False
4883,-1,7,False
4884,-1,23,False
4885,-1,19,True
4886,-1,3,False
4887,-1,39,False
4888,-1,11,False
4889,-1,11,False
4890,-1,14,False
4891,-1,0,False
4892,-1,37,False
4893,-1,38,False
4894,-1,11,False
4895,-1,6,False
4896,-1,11,False
4897,-1,23,False
4898,-1,7,False
4899,-1,18,False
4900,-1,13,True
4901,-1,22,True
4902,-1,36,False
4903,-1,30,False
4904,-1,11,False
4905,-1,1,False
4906,-1,14,False
4907,-1,33,False
4908,-1,30,False
4909,-1,26,False
4910,-1,18,False
4911,-1,19,True
4912,-1,5,True
4913,-1,2,False
4914,-1,22,True
4915,-1,6,False
4916,-1,1,False
4917,-1,28,False
4918,-1,29,True
4919,-1,8,False
4920,-1,24,False
4921,-1,39,False
4922,-1,36,False
4923,-1,24,False
4924,-1,23,False
4925,-1,6,False
4926,-1,30,False
4927,-1,15,False
4928,-1,6,False
4929,-1,24,False
4930,-1,7,False
4931,-1,16,False
4932,-1,35,False
4933,-1,22,True
4934,-1,32,False
4935,-1,2,False
4936,-1,8,False
4937,-1,31,False
4938,-1,38,False
4939,-1,30,False
4940,-1,24,False
4941,-1,9,False
4942,-1,7,False
4943,-1,33,False
4944,-1,24,False
4945,-1,27,False
4946,-1,35,False
4947,-1,37,False
4948,-1,9,False
4949,-1,38,False
4950,-1,16,False
4951,-1,32,False
4952,-1,4,False
4953,-1,9,False
4954,-1,19,True
4955,-1,39,False
4956,-1,14,False
4957,-1,34,False
4958,-1,32,False
4959,-1,3,False
4960,-1,37,False
4961,-1,1,False
4962,-1,26,False
4963,-1,16,False
4964,-1,30,False
4965,-1,6,False
4966,-1,18,False
4967,-1,3,False
4968,-1,10,False
4969,-1,37,False
4970,-1,30,False
4971,-1,15,False
4972,-1,19,True
4973,-1,15,False
4974,-1,22,True
4975,-1,0,False
4976,-1,29,True
4977,-1,10,False
4978,-1,3,False
4979,-1,20,False
4980,-1,33,False
4981,-1,16,False
4982,-1,14,False
4983,-1,36,False
4984,-1,16,False
4985,-1,18,False
4986,-1,11,False
4987,-1,7,False
4988,-1,2,False
4989,-1,20,False
4990,-1,30,False
4991,-1,35,False
4992,-1,11,False
4993,-1,38,False
4994,-1,15,False
4995,-1,13,True
4996,-1,23,False
4997,-1,20,False
4998,-1,34,False
4999,-1,3,False
5000,-1,14,False
5001,-1,17,False
5002,-1,38,False
5003,-1,35,False
5004,-1,23,False
5005,-1,36,False
5006,-1,4,False
5007,-1,16,False
5008,-1,21,True
5009,-1,26,False
5010,-1,30,False
5011,-1,17,False
5012,-1,8,False
5013,-1,18,False
5014,-1,5,True
5015,-1,33,False
5016,-1,39,False
5017,-1,5,True
5018,-1,38,False
5019,-1,25,False
5020,-1,30,False
5021,-1,25,False
5022,-1,29,True
5023,-1,3,False
5024,-1,33,False
5025,-1,8,False
5026,-1,28,False
5027,-1,9,False
5028,-1,1,False
5029,-1,20,False
5030,-1,0,False
5031,-1,32,False
5032,-1,28,False
5033,-1,25,False
5034,-1,15,False
5035,-1,25,False
5036,-1,38,False
5037,-1,10,False
5038,-1,20,False
5039,-1,30,False
5040,-1,8,False
5041,-1,4,False
5042,-1,25,False
5043,-1,39,False
5044,-1,32,False
5045,-1,33,False
5046,-1,2,False
5047,-1,8,False
5048,-1,19,True
5049,-1,25,False
5050,-1,27,False
5051,-1,17,False
5052,-1,5,True
5053,-1,23,False
5054,-1,5,True
5055,-1,19,True
5056,-1,28,False
5057,-1,31,False
5058,-1,30,False
5059,-1,26,False
5060,-1,21,True
5061,-1,2,False
5062,-1,27,False
5063,-1,13,True
5064,-1,22,True
5065,-1,29,True
5066,-1,14,False
5067,-1,6,False
5068,-1,3,False
5069,-1,31,False
5070,-1,32,False
5071,-1,0,False
5072,-1,20,False
5073,-1,16,False
5074,-1,31,False
5075,-1,21,True
5076,-1,19,True
5077,-1,34,False
5078,-1,18,False
5079,-1,20,False
5080,-1,5,True
5081,-1,6,False
5082,-1,35,False
5083,-1,26,False
5084,-1,35,False
5085,-1,26,False
5086,-1,34,False
5087,-1,15,False
5088,-1,39,False
5089,-1,26,False
5090,-1,21,True
5091,-1,15,False
5092,-1,39,False
5093,-1,21,True
5094,-1,1,False
5095,-1,8,False
5096,-1,25,False
5097,-1,8,False
5098,-1,1,False
5099,-1,34,False
5100,-1,3,False
5101,-1,10,False
5102,-1,21,True
5103,-1,3,False
5104,-1,26,False
5105,-1,35,False
5106,-1,16,False
5107,-1,3,False
5108,-1,17,False
5109,-1,7,False
5110,-1,20,False
5111,-1,30,False
5112,-1,31,False
5113,-1,8,False
5114,-1,18,False
5115,-1,18,False
5116,-1,36,False
5117,-1,3,False
5118,-1,39,False
5119,-1,0,False
5120,-1,8,False
5121,-1,5,True
5122,-1,4,False
5123,-1,12,False
5124,-1,0,False
5125,-1,3,False
5126,-1,6,False
5127,-1,23,False
5128,-1,9,False
5129,-1,9,False
5130,-1,3,False
5131,-1,34,False
5132,-1,19,True
5133,-1,2,False
5134,-1,16,False
5135,-1,9,False
5136,-1,14,False
5137,-1,37,False
5138,-1,30,False
5139,-1,3,False
5140,-1,19,True
5141,-1,19,True
5142,-1,20,False
5143,-1,24,False
5144,-1,25,False
5145,-1,33,False
5146,-1,14,False
5147,-1,8,False
5148,-1,7,False
5149,-1,27,False
5150,-1,36,False
5151,-1,36,False
5152,-1,36,False
5153,-1,11,False
5154,-1,26,False
5155,-1,30,False
5156,-1,17,False
5157,-1,14,False
5158,-1,36,False
5159,-1,38,False
5160,-1,3,False
5161,-1,1,False
5162,-1,23,False
5163,-1,30,False
5164,-1,2,False
5165,-1,35,False
5166,-1,3,False
5167,-1,28,False
5168,-1,9,False
5169,-1,39,False
5170,-1,27,False
5171,-1,17,False
5172,-1,12,False
5173,-1,23,False
5174,-1,25,False
5175,-1,3,False
5176,-1,28,False
5177,-1,30,False
5178,-1,8,False
5179,-1,8,False
5180,-1,5,True
5181,-1,18,False
5182,-1,39,False
5183,-1,18,False
5184,-1,15,False
5185,-1,2,False
5186,-1,8,False
5187,-1,21,True
5188,-1,35,False
5189,-1,13,True
5190,-1,5,True
5191,-1,10,False
5192,-1,26,False
5193,-1,3,False
5194,-1,33,False
5195,-1,34,False
5196,-1,34,False
5197,-1,9,False
5198,-1,0,False
5199,-1,30,False
5200,-1,2,False
5201,-1,17,False
5202,-1,7,False
5203,-1,17,False
5204,-1,28,False
5205,-1,22,True
5206,-1,22,True
5207,-1,9,False
5208,-1,26,False
5209,-1,13,True
5210,-1,1,False
5211,-1,38,False
5212,-1,19,True
5213,-1,12,False
5214,-1,16,False
5215,-1,33,False
5216,-1,28,False
5217,-1,6,False
5218,-1,31,False
5219,-1,14,False
5220,-1,11,False
5221,-1,10,False
5222,-1,18,False
5223,-1,21,True
5224,-1,7,False
5225,-1,35,False
5226,-1,6,False
5227,-1,18,False
5228,-1,14,False
5229,-1,27,False
5230,-1,15,False
5231,-1,0,False
5232,-1,4,False
5233,-1,27,False
5234,-1,3,False
5235,-1,19,True
5236,-1,5,True
5237,-1,39,False
5238,-1,5,True
5239,-1,3,False
5240,-1,27,False
5241,-1,36,False
5242,-1,5,True
5243,-1,8,False
5244,-1,16,False
5245,-1,27,False
5246,-1,36,False
5247,-1,32,False
5248,-1,30,False
5249,-1,19,True
5250,-1,35,False
5251,-1,16,False
5252,-1,0,False
5253,-1,1,False
5254,-1,2,False
5255,-1,34,False
5256,-1,22,True
5257,-1,38,False
5258,-1,23,False
5259,-1,30,False
5260,-1,37,False
5261,-1,39,False
5262,-1,19,True
5263,-1,32,False
5264,-1,17,False
5265,-1,30,False
5266,-1,14,False
5267,-1,7,False
5268,-1,30,False
5269,-1,14,False
5270,-1,13,True
5271,-1,18,False
5272,-1,7,False
5273,-1,29,True
5274,-1,30,False
5275,-1,27,False
5276,-1,21,True
5277,-1,5,True
5278,-1,7,False
5279,-1,3,False
5280,-1,12,False
5281,-1,10,False
5282,-1,37,False
5283,-1,1,False
5284,-1,32,False
5285,-1,37,False
5286,-1,3,False
5287,-1,4,False
5288,-1,16,False
5289,-1,20,False
5290,-1,5,True
5291,-1,17,False
5292,-1,0,False
5293,-1,13,True
5294,-1,14,False
5295,-1,33,False
5296,-1,11,False
5297,-1,39,False
5298,-1,2,False
5299,-1,18,False
5300,-1,34,False
5301,-1,21,True
5302,-1,22,True
5303,-1,34,False
5304,-1,4,False
5305,-1,35,False
5306,-1,17,False
5307,-1,27,False
5308,-1,21,True
5309,-1,7,False
5310,-1,35,False
5311,-1,16,False
5312,-1,39,False
5313,-1,24,False
5314,-1,3,False
5315,-1,35,False
5316,-1,0,False
5317,-1,19,True
5318,-1,9,False
5319,-1,28,False
5320,-1,35,False
5321,-1,12,False
5322,-1,18,False
5323,-1,35,False
5324,-1,28,False
5325,-1,10,False
5326,-1,2,False
5327,-1,28,False
5328,-1,22,True
5329,-1,5,True
5330,-1,39,False
5331,-1,19,True
5332,-1,33,False
5333,-1,38,False
5334,-1,22,True
5335,-1,5,True
5336,-1,9,False
5337,-1,32,False
5338,-1,38,False
5339,-1,35,False
5340,-1,4,False
5341,-1,17,False
5342,-1,18,False
5343,-1,23,False
5344,-1,21,True
5345,-1,23,False
5346,-1,1,False
5347,-1,24,False
5348,-1,15,False
5349,-1,21,True
5350,-1,23,False
5351,-1,17,False
5352,-1,35,False
5353,-1,15,False
5354,-1,1,False
5355,-1,21,True
5356,-1,39,False
5357,-1,3,False
5358,-1,11,False
5359,-1,38,False
5360,-1,33,False
5361,-1,29,True
5362,-1,24,False
5363,-1,22,True
5364,-1,22,True
5365,-1,39,False
5366,-1,16,False
5367,-1,10,False
5368,-1,7,False
5369,-1,17,False
5370,-1,22,True
5371,-1,20,False
5372,-1,37,False
5373,-1,38,False
5374,-1,31,False
5375,-1,5,True
5376,-1,27,False
5377,-1,28,False
5378,-1,5,True
5379,-1,15,False
5380,-1,5,True
5381,-1,8,False
5382,-1,10,False
5383,-1,11,False
5384,-1,22,True
5385,-1,15,False
5386,-1,18,False
5387,-1,2,False
5388,-1,36,False
5389,-1,27,False
5390,-1,37,False
5391,-1,30,False
5392,-1,4,False
5393,-1,6,False
5394,-1,2,False
5395,-1,31,False
5396,-1,16,False
5397,-1,24,False
5398,-1,6,False
5399,-1,20,False
5400,-1,10,False
5401,-1,3,False
5402,-1,14,False
5403,-1,24,False
5404,-1,0,False
5405,-1,36,False
5406,-1,22,True
5407,-1,0,False
5408,-1,2,False
5409,-1,2,False
5410,-1,20,False
5411,-1,6,False
5412,-1,20,False
5413,-1,15,False
5414,-1,23,False
5415,-1,38,False
5416,-1,18,False
5417,-1,17,False
5418,-1,4,False
5419,-1,20,False
5420,-1,32,False
5421,-1,21,True
5422,-1,30,False
5423,-1,28,False
5424,-1,6,False
5425,-1,35,False
5426,-1,38,False
5427,-1,30,False
5428,-1,4,False
5429,-1,23,False
5430,-1,37,False
5431,-1,13,True
5432,-1,27,False
5433,-1,24,False
5434,-1,4,False
5435,-1,12,False
5436,-1,13,True
5437,-1,9,False
5438,-1,17,False
5439,-1,5,True
5440,-1,4,False
5441,-1,37,False
5442,-1,35,False
5443,-1,39,False
5444,-1,20,False
5445,-1,15,False
5446,-1,36,False
5447,-1,24,False
5448,-1,35,False
5449,-1,37,False
5450,-1,11,False
5451,-1,31,False
5452,-1,0,False
5453,-1,15,False
5454,-1,20,False
5455,-1,35,False
5456,-1,18,False
5457,-1,18,False
5458,-1,37,False
5459,-1,5,True
5460,-1,22,True
5461,-1,34,False
5462,-1,13,True
5463,-1,37,False
5464,-1,13,True
5465,-1,13,True
5466,-1,2,False
5467,-1,6,False
5468,-1,8,False
5469,-1,20,False
5470,-1,31,False
5471,-1,14,False
5472,-1,36,False
5473,-1,39,False
5474,-1,18,False
5475,-1,14,False
5476,-1,24,False
5477,-1,11,False
5478,-1,20,False
5479,-1,8,False
5480,-1,25,False
5481,-1,27,False
5482,-1,13,True
5483,-1,7,False
5484,-1,12,False
5485,-1,17,False
5486,-1,39,False
5487,-1,28,False
5488,-1,29,True
5489,-1,30,False
5490,-1,33,False
5491,-1,25,False
5492,-1,13,True
5493,-1,13,True
5494,-1,23,False
5495,-1,31,False
5496,-1,25,False
5497,-1,24,False
5498,-1,33,False
5499,-1,20,False
5500,-1,9,False
5501,-1,30,False
5502,-1,28,False
5503,-1,5,True
5504,-1,5,True
5505,-1,33,False
5506,-1,4,False
5507,-1,32,False
5508,-1,9,False
5509,-1,36,False
5510,-1,14,False
5511,-1,15,False
5512,-1,10,False
5513,-1,29,True
5514,-1,15,False
5515,-1,31,False
5516,-1,12,False
5517,-1,35,False
5518,-1,29,True
5519,-1,26,False
5520,-1,7,False
5521,-1,1,False
5522,-1,16,False
5523,-1,18,False
5524,-1,6,False
5525,-1,30,False
5526,-1,4,False
5527,-1,2,False
5528,-1,5,True
5529,-1,28,False
5530,-1,9,False
5531,-1,12,False
5532,-1,34,False
5533,-1,38,False
5534,-1,34,False
5535,-1,29,True
5536,-1,2,False
5537,-1,14,False
5538,-1,5,True
5539,-1,20,False
5540,-1,24,False
5541,-1,15,False
5542,-1,34,False
5543,-1,6,False
5544,-1,29,True
5545,-1,9,False
5546,-1,29,True
5547,-1,24,False
5548,-1,22,True
5549,-1,32,False
5550,-1,29,True
5551,-1,32,False
5552,-1,17,False
5553,-1,5,True
5554,-1,3,False
5555,-1,14,False
5556,-1,39,False
5557,-1,5,True
5558,-1,25,False
5559,-1,14,False
5560,-1,28,False
5561,-1,5,True
5562,-1,13,True
5563,-1,38,False
5564,-1,16,False
5565,-1,33,False
5566,-1,25,False
5567,-1,13,True
5568,-1,36,False
5569,-1,4,False
5570,-1,24,False
5571,-1,32,False
5572,-1,1,False
5573,-1,19,True
5574,-1,2,False
5575,-1,22,True
5576,-1,39,False
5577,-1,15,False
5578,-1,35,False
5579,-1,31,False
5580,-1,27,False
5581,-1,0,False
5582,-1,30,False
5583,-1,26,False
5584,-1,6,False
5585,-1,7,False
5586,-1,22,True
5587,-1,4,False
5588,-1,5,True
5589,-1,19,True
5590,-1,1,False
5591,-1,0,False
5592,-1,15,False
5593,-1,17,False
5594,-1,31,False
5595,-1,11,False
5596,-1,2,False
5597,-1,29,True
5598,-1,3,False
5599,-1,7,False
5600,-1,3,False
5601,-1,13,True
5602,-1,1,False
5603,-1,5,True
5604,-1,14,False
5605,-1,35,False
5606,-1,5,True
5607,-1,25,False
5608,-1,33,False
5609,-1,37,False
5610,-1,4,False
5611,-1,12,False
5612,-1,14,False
5613,-1,4,False
5614,-1,4,False
5615,-1,34,False
5616,-1,33,False
5617,-1,18,False
5618,-1,4,False
5619,-1,34,False
5620,-1,35,False
5621,-1,6,False
5622,-1,5,True
5623,-1,33,False
5624,-1,13,True
5625,-1,39,False
5626,-1,7,False
5627,-1,29,True
5628,-1,22,True
5629,-1,13,True
5630,-1,13,True
5631,-1,12,False
5632,-1,22,True
5633,-1,9,False
5634,-1,29,True
5635,-1,38,False
5636,-1,3,False
5637,-1,26,False
5638,-1,26,False
5639,-1,26,False
5640,-1,21,True
5641,-1,3,False
5642,-1,21,True
5643,-1,0,False
5644,-1,30,False
5645,-1,1,False
5646,-1,30,False
5647,-1,26,False
5648,-1,15,False
5649,-1,39,False
5650,-1,13,True
5651,-1,16,False
5652,-1,11,False
5653,-1,16,False
5654,-1,4,False
5655,-1,33,False
5656,-1,27,False
5657,-1,26,False
5658,-1,29,True
5659,-1,36,False
5660,-1,10,False
5661,-1,21,True
5662,-1,16,False
5663,-1,28,False
5664,-1,32,False
5665,-1,37,False
5666,-1,29,True
5667,-1,27,False
5668,-1,24,False
5669,-1,17,False
5670,-1,34,False
5671,-1,17,False
5672,-1,30,False
5673,-1,33,False
5674,-1,18,False
5675,-1,14,False
5676,-1,25,False
5677,-1,4,False
5678,-1,38,False
5679,-1,25,False
5680,-1,39,False
5681,-1,23,False
5682,-1,10,False
5683,-1,13,True
5684,-1,5,True
5685,-1,35,False
5686,-1,22,True
5687,-1,34,False
5688,-1,18,False
5689,-1,4,False
5690,-1,10,False
5691,-1,22,True
5692,-1,30,False
5693,-1,6,False
5694,-1,8,False
5695,-1,35,False
5696,-1,30,False
5697,-1,9,False
5698,-1,18,False
5699,-1,6,False
5700,-1,14,False
5701,-1,29,True
5702,-1,26,False
5703,-1,7,False
5704,-1,19,True
5705,-1,28,False
5706,-1,39,False
5707,-1,39,False
5708,-1,10,False
5709,-1,29,True
5710,-1,24,False
5711,-1,7,False
5712,-1,35,False
5713,-1,8,False
5714,-1,32,False
5715,-1,29,True
5716,-1,18,False
5717,-1,31,False
5718,-1,26,False
5719,-1,5,True
5720,-1,31,False
5721,-1,27,False
5722,-1,25,False
5723,-1,39,False
5724,-1,38,False
5725,-1,12,False
5726,-1,23,False
5727,-1,29,True
5728,-1,19,True
5729,-1,33,False
5730,-1,3,False
5731,-1,15,False
5732,-1,7,False
5733,-1,37,False
5734,-1,34,False
5735,-1,2,False
5736,-1,2,False
5737,-1,1,False
5738,-1,2,False
5739,-1,35,False
5740,-1,13,True
5741,-1,35,False
5742,-1,1,False
5743,-1,1,False
5744,-1,13,True
5745,-1,23,False
5746,-1,0,False
5747,-1,31,False
5748,-1,17,False
5749,-1,24,False
5750,-1,25,False
5751,-1,16,False
5752,-1,27,False
5753,-1,38,False
5754,-1,2,False
5755,-1,5,True
5756,-1,14,False
5757,-1,20,False
5758,-1,32,False
5759,-1,36,False
5760,-1,11,False
5761,-1,26,False
5762,-1,10,False
5763,-1,23,False
5764,-1,15,False
5765,-1,11,False
5766,-1,31,False
5767,-1,0,False
5768,-1,17,False
5769,-1,35,False
5770,-1,28,False
5771,-1,29,True
5772,-1,6,False
5773,-1,14,False
5774,-1,20,False
5775,-1,25,False
5776,-1,9,False
5777,-1,21,True
5778,-1,24,False
5779,-1,38,False
5780,-1,0,False
5781,-1,25,False
5782,-1,20,False
5783,-1,17,False
5784,-1,1,False
5785,-1,39,False
5786,-1,24,False
5787,-1,33,False
5788,-1,20,False
5789,-1,21,True
5790,-1,3,False
5791,-1,17,False
5792,-1,24,False
5793,-1,13,True
5794,-1,6,False
5795,-1,6,False
5796,-1,15,False
5797,-1,1,False
5798,-1,19,True
5799,-1,1,False
5800,-1,27,False
5801,-1,32,False
5802,-1,7,False
5803,-1,22,True
5804,-1,22,True
5805,-1,33,False
5806,-1,4,False
5807,-1,28,False
5808,-1,0,False
5809,-1,3,False
5810,-1,8,False
5811,-1,0,False
5812,-1,27,False
5813,-1,24,False
5814,-1,25,False
5815,-1,9,False
5816,-1,37,False
5817,-1,19,True
5818,-1,7,False
5819,-1,29,True
5820,-1,20,False
5821,-1,12,False
5822,-1,12,False
5823,-1,13,True
5824,-1,13,True
5825,-1,10,False
5826,-1,6,False
5827,-1,36,False
5828,-1,30,False
5829,-1,29,True
5830,-1,18,False
5831,-1,22,True
5832,-1,12,False
5833,-1,1,False
5834,-1,7,False
5835,-1,1,False
5836,-1,34,False
5837,-1,1,False
5838,-1,17,False
5839,-1,17,False
5840,-1,22,True
5841,-1,33,False
5842,-1,22,True
5843,-1,39,False
5844,-1,33,False
5845,-1,14,False
5846,-1,28,False
5847,-1,12,False
5848,-1,38,False
5849,-1,2,False
5850,-1,19,True
5851,-1,15,False
5852,-1,22,True
5853,-1,10,False
5854,-1,30,False
5855,-1,2,False
5856,-1,5,True
5857,-1,16,False
5858,-1,18,False
5859,-1,33,False
5860,-1,13,True
5861,-1,3,False
5862,-1,31,False
5863,-1,6,False
5864,-1,3,False
5865,-1,3,False
5866,-1,15,False
5867,-1,28,False
5868,-1,21,True
5869,-1,28,False
5870,-1,19,True
5871,-1,19,True
5872,-1,38,False
5873,-1,28,False
5874,-1,33,False
5875,-1,6,False
5876,-1,29,True
5877,-1,35,False
5878,-1,36,False
5879,-1,5,True
5880,-1,29,True
5881,-1,0,False
5882,-1,22,True
5883,-1,8,False
5884,-1,26,False
5885,-1,33,False
5886,-1,38,False
5887,-1,23,False
5888,-1,34,False
5889,-1,17,False
5890,-1,2,False
5891,-1,7,False
5892,-1,39,False
5893,-1,24,False
5894,-1,30,False
5895,-1,29,True
5896,-1,29,True
5897,-1,14,False
5898,-1,11,False
5899,-1,8,False
5900,-1,33,False
5901,-1,4,False
5902,-1,2,False
5903,-1,31,False
5904,-1,27,False
5905,-1,5,True
5906,-1,13,True
5907,-1,11,False
5908,-1,22,True
5909,-1,10,False
5910,-1,35,False
5911,-1,11,False
5912,-1,35,False
5913,-1,34,False
5914,-1,3,False
5915,-1,24,False
5916,-1,22,True
5917,-1,17,False
5918,-1,21,True
5919,-1,13,True
5920,-1,23,False
5921,-1,10,False
5922,-1,2,False
5923,-1,13,True
5924,-1,8,False
5925,-1,16,False
5926,-1,2,False
5927,-1,10,False
5928,-1,29,True
5929,-1,27,False
5930,-1,28,False
5931,-1,10,False
5932,-1,13,True
5933,-1,31,False
5934,-1,8,False
5935,-1,17,False
5936,-1,6,False
5937,-1,8,False
5938,-1,0,False
5939,-1,39,False
5940,-1,6,False
5941,-1,0,False
5942,-1,0,False
5943,-1,2,False
5944,-1,34,False
5945,-1,15,False
5946,-1,13,True
5947,-1,1,False
5948,-1,12,False
5949,-1,21,True
5950,-1,32,False
5951,-1,11,False
5952,-1,37,False
5953,-1,9,False
5954,-1,37,False
5955,-1,5,True
5956,-1,26,False
5957,-1,16,False
5958,-1,4,False
5959,-1,39,False
5960,-1,10,False
5961,-1,2,False
5962,-1,33,False
5963,-1,39,False
5964,-1,1,False
5965,-1,29,True
5966,-1,18,False
5967,-1,5,True
5968,-1,26,False
5969,-1,38,False
5970,-1,22,True
5971,-1,4,False
5972,-1,12,False
5973,-1,15,False
5974,-1,0,False
5975,-1,25,False
5976,-1,28,False
5977,-1,30,False
5978,-1,36,False
5979,-1,22,True
5980,-1,11,False
5981,-1,3,False
5982,-1,9,False
5983,-1,31,False
5984,-1,12,False
5985,-1,39,False
5986,-1,30,False
5987,-1,33,False
5988,-1,15,True
5989,-1,35,True
5990,-1,10,True
5991,-1,17,True
5992,-1,7,True
5993,-1,21,True
